<?xml version="1.0" encoding="UTF-8"?>
<gpx version="1.1" creator="Kurviger" xmlns="http://www.topografix.com/GPX/1/1" xmlns:xsi="http://www.w3.org/2001/XMLSchema-instance" xsi:schemaLocation="http://www.topografix.com/GPX/1/1 http://www.topografix.com/GPX/1/1/gpx.xsd http://www.garmin.com/xmlschemas/GpxExtensions/v3 http://www.garmin.com/xmlschemas/GpxExtensionsv3.xsd http://www.garmin.com/xmlschemas/TripExtensions/v1 http://www.garmin.com/xmlschemas/TripExtensionsv1.xsd" xmlns:gpxx="http://www.garmin.com/xmlschemas/GpxExtensions/v3" xmlns:trp="http://www.garmin.com/xmlschemas/TripExtensions/v1">
	<metadata>
		<name>FR Route de la Soif (off-road)</name>
		<copyright author="OpenStreetMap contributors"/>
		<link href="https://kurviger.com">
			<text>Kurviger.com GPX</text>
		</link>
		<time>2025-08-28T09:41:33.024Z</time>
	</metadata>
	<trk>
		<name>FR Route de la Soif (off-road)</name>
		<trkseg>
			<trkpt lat="45.87227" lon="6.46486">
				<ele>1485.83</ele>
				<time>2025-08-28T09:41:33.023Z</time>
			</trkpt>
			<trkpt lat="45.8721" lon="6.46522">
				<ele>1486.92</ele>
				<time>2025-08-28T09:41:35.015Z</time>
			</trkpt>
			<trkpt lat="45.87187" lon="6.46504">
				<ele>1485.95</ele>
				<time>2025-08-28T09:42:13.169Z</time>
			</trkpt>
			<trkpt lat="45.87167" lon="6.46471">
				<ele>1485.99</ele>
				<time>2025-08-28T09:42:32.223Z</time>
			</trkpt>
			<trkpt lat="45.87157" lon="6.46458">
				<ele>1485.83</ele>
				<time>2025-08-28T09:42:40.359Z</time>
			</trkpt>
			<trkpt lat="45.87141" lon="6.46443">
				<ele>1485.99</ele>
				<time>2025-08-28T09:42:51.578Z</time>
			</trkpt>
			<trkpt lat="45.87125" lon="6.46429">
				<ele>1486.46</ele>
				<time>2025-08-28T09:43:02.234Z</time>
			</trkpt>
			<trkpt lat="45.87041" lon="6.46368">
				<ele>1496.47</ele>
				<time>2025-08-28T09:43:50.921Z</time>
			</trkpt>
			<trkpt lat="45.8703" lon="6.46363">
				<ele>1499.21</ele>
				<time>2025-08-28T09:43:56.363Z</time>
			</trkpt>
			<trkpt lat="45.87022" lon="6.46364">
				<ele>1500.95</ele>
				<time>2025-08-28T09:44:00.086Z</time>
			</trkpt>
			<trkpt lat="45.86996" lon="6.46378">
				<ele>1504.36</ele>
				<time>2025-08-28T09:44:12.564Z</time>
			</trkpt>
			<trkpt lat="45.86981" lon="6.46384">
				<ele>1504.8</ele>
				<time>2025-08-28T09:44:19.299Z</time>
			</trkpt>
			<trkpt lat="45.86942" lon="6.4639">
				<ele>1509.17</ele>
				<time>2025-08-28T09:44:35.468Z</time>
			</trkpt>
			<trkpt lat="45.86938" lon="6.46393">
				<ele>1509.61</ele>
				<time>2025-08-28T09:44:37.257Z</time>
			</trkpt>
			<trkpt lat="45.86936" lon="6.46398">
				<ele>1509.71</ele>
				<time>2025-08-28T09:44:38.837Z</time>
			</trkpt>
			<trkpt lat="45.86936" lon="6.46404">
				<ele>1509.47</ele>
				<time>2025-08-28T09:44:40.469Z</time>
			</trkpt>
			<trkpt lat="45.86946" lon="6.46467">
				<ele>1506.67</ele>
				<time>2025-08-28T09:44:57.302Z</time>
			</trkpt>
			<trkpt lat="45.86944" lon="6.46476">
				<ele>1506.51</ele>
				<time>2025-08-28T09:44:59.653Z</time>
			</trkpt>
			<trkpt lat="45.86941" lon="6.46479">
				<ele>1506.44</ele>
				<time>2025-08-28T09:45:00.948Z</time>
			</trkpt>
			<trkpt lat="45.86937" lon="6.4648">
				<ele>1506.89</ele>
				<time>2025-08-28T09:45:02.377Z</time>
			</trkpt>
			<trkpt lat="45.86931" lon="6.46475">
				<ele>1508.08</ele>
				<time>2025-08-28T09:45:04.794Z</time>
			</trkpt>
			<trkpt lat="45.86917" lon="6.46454">
				<ele>1510.49</ele>
				<time>2025-08-28T09:45:11.681Z</time>
			</trkpt>
			<trkpt lat="45.86878" lon="6.4641">
				<ele>1517.86</ele>
				<time>2025-08-28T09:45:27.565Z</time>
			</trkpt>
			<trkpt lat="45.86865" lon="6.46405">
				<ele>1520.04</ele>
				<time>2025-08-28T09:45:31.648Z</time>
			</trkpt>
			<trkpt lat="45.86844" lon="6.46401">
				<ele>1522.57</ele>
				<time>2025-08-28T09:45:37.890Z</time>
			</trkpt>
			<trkpt lat="45.86822" lon="6.4639">
				<ele>1525.58</ele>
				<time>2025-08-28T09:45:44.505Z</time>
			</trkpt>
			<trkpt lat="45.86819" lon="6.4639">
				<ele>1525.88</ele>
				<time>2025-08-28T09:45:45.339Z</time>
			</trkpt>
			<trkpt lat="45.86811" lon="6.46396">
				<ele>1525.99</ele>
				<time>2025-08-28T09:45:47.824Z</time>
			</trkpt>
			<trkpt lat="45.86766" lon="6.46448">
				<ele>1529.2</ele>
				<time>2025-08-28T09:46:02.919Z</time>
			</trkpt>
			<trkpt lat="45.86746" lon="6.46461">
				<ele>1529.16</ele>
				<time>2025-08-28T09:46:08.323Z</time>
			</trkpt>
			<trkpt lat="45.86717" lon="6.4647">
				<ele>1529.86</ele>
				<time>2025-08-28T09:46:15.369Z</time>
			</trkpt>
			<trkpt lat="45.867" lon="6.46473">
				<ele>1531.17</ele>
				<time>2025-08-28T09:46:19.314Z</time>
			</trkpt>
			<trkpt lat="45.86645" lon="6.46463">
				<ele>1540.06</ele>
				<time>2025-08-28T09:46:31.545Z</time>
			</trkpt>
			<trkpt lat="45.86622" lon="6.46454">
				<ele>1543.86</ele>
				<time>2025-08-28T09:46:36.590Z</time>
			</trkpt>
			<trkpt lat="45.86613" lon="6.46455">
				<ele>1544.5</ele>
				<time>2025-08-28T09:46:38.473Z</time>
			</trkpt>
			<trkpt lat="45.86607" lon="6.46461">
				<ele>1544.58</ele>
				<time>2025-08-28T09:46:39.986Z</time>
			</trkpt>
			<trkpt lat="45.86592" lon="6.4649">
				<ele>1545.18</ele>
				<time>2025-08-28T09:46:45.131Z</time>
			</trkpt>
			<trkpt lat="45.86555" lon="6.46547">
				<ele>1548.26</ele>
				<time>2025-08-28T09:46:55.965Z</time>
			</trkpt>
			<trkpt lat="45.86548" lon="6.46573">
				<ele>1553.26</ele>
				<time>2025-08-28T09:46:59.781Z</time>
			</trkpt>
			<trkpt lat="45.86547" lon="6.46581">
				<ele>1554.73</ele>
				<time>2025-08-28T09:47:00.891Z</time>
			</trkpt>
			<trkpt lat="45.86554" lon="6.46602">
				<ele>1560.57</ele>
				<time>2025-08-28T09:47:04.063Z</time>
			</trkpt>
			<trkpt lat="45.8656" lon="6.46614">
				<ele>1562.72</ele>
				<time>2025-08-28T09:47:06.073Z</time>
			</trkpt>
			<trkpt lat="45.86602" lon="6.46662">
				<ele>1560.81</ele>
				<time>2025-08-28T09:47:16.583Z</time>
			</trkpt>
			<trkpt lat="45.86613" lon="6.46681">
				<ele>1562.33</ele>
				<time>2025-08-28T09:47:19.980Z</time>
			</trkpt>
			<trkpt lat="45.86628" lon="6.46743">
				<ele>1566.55</ele>
				<time>2025-08-28T09:47:29.139Z</time>
			</trkpt>
			<trkpt lat="45.86628" lon="6.46757">
				<ele>1567.47</ele>
				<time>2025-08-28T09:47:31.126Z</time>
			</trkpt>
			<trkpt lat="45.86624" lon="6.46785">
				<ele>1570.42</ele>
				<time>2025-08-28T09:47:35.228Z</time>
			</trkpt>
			<trkpt lat="45.86624" lon="6.46803">
				<ele>1571.58</ele>
				<time>2025-08-28T09:47:37.846Z</time>
			</trkpt>
			<trkpt lat="45.86629" lon="6.46822">
				<ele>1574.23</ele>
				<time>2025-08-28T09:47:40.836Z</time>
			</trkpt>
			<trkpt lat="45.86648" lon="6.46856">
				<ele>1573.96</ele>
				<time>2025-08-28T09:47:47.398Z</time>
			</trkpt>
			<trkpt lat="45.86658" lon="6.46866">
				<ele>1571.72</ele>
				<time>2025-08-28T09:47:50.093Z</time>
			</trkpt>
			<trkpt lat="45.86662" lon="6.46877">
				<ele>1572.2</ele>
				<time>2025-08-28T09:47:52.028Z</time>
			</trkpt>
			<trkpt lat="45.86667" lon="6.46895">
				<ele>1574.88</ele>
				<time>2025-08-28T09:47:55.090Z</time>
			</trkpt>
			<trkpt lat="45.86674" lon="6.46907">
				<ele>1574.87</ele>
				<time>2025-08-28T09:47:57.601Z</time>
			</trkpt>
			<trkpt lat="45.86684" lon="6.46917">
				<ele>1571.23</ele>
				<time>2025-08-28T09:48:00.450Z</time>
			</trkpt>
			<trkpt lat="45.86689" lon="6.46933">
				<ele>1572.28</ele>
				<time>2025-08-28T09:48:03.352Z</time>
			</trkpt>
			<trkpt lat="45.86692" lon="6.46966">
				<ele>1580.22</ele>
				<time>2025-08-28T09:48:08.996Z</time>
			</trkpt>
			<trkpt lat="45.86698" lon="6.46985">
				<ele>1583.7</ele>
				<time>2025-08-28T09:48:12.631Z</time>
			</trkpt>
			<trkpt lat="45.86717" lon="6.47033">
				<ele>1588.8</ele>
				<time>2025-08-28T09:48:22.644Z</time>
			</trkpt>
			<trkpt lat="45.86726" lon="6.47049">
				<ele>1588.25</ele>
				<time>2025-08-28T09:48:26.530Z</time>
			</trkpt>
			<trkpt lat="45.86742" lon="6.47062">
				<ele>1583.26</ele>
				<time>2025-08-28T09:48:31.651Z</time>
			</trkpt>
			<trkpt lat="45.86749" lon="6.47073">
				<ele>1582.62</ele>
				<time>2025-08-28T09:48:34.610Z</time>
			</trkpt>
			<trkpt lat="45.8676" lon="6.47104">
				<ele>1581.91</ele>
				<time>2025-08-28T09:48:41.719Z</time>
			</trkpt>
			<trkpt lat="45.86761" lon="6.47111">
				<ele>1582.26</ele>
				<time>2025-08-28T09:48:43.216Z</time>
			</trkpt>
			<trkpt lat="45.8676" lon="6.47161">
				<ele>1583.58</ele>
				<time>2025-08-28T09:48:53.882Z</time>
			</trkpt>
			<trkpt lat="45.86753" lon="6.47182">
				<ele>1582.51</ele>
				<time>2025-08-28T09:48:58.858Z</time>
			</trkpt>
			<trkpt lat="45.86749" lon="6.47204">
				<ele>1579.15</ele>
				<time>2025-08-28T09:49:03.717Z</time>
			</trkpt>
			<trkpt lat="45.86741" lon="6.47219">
				<ele>1579.57</ele>
				<time>2025-08-28T09:49:07.756Z</time>
			</trkpt>
			<trkpt lat="45.86728" lon="6.4723">
				<ele>1584.02</ele>
				<time>2025-08-28T09:49:12.388Z</time>
			</trkpt>
			<trkpt lat="45.86712" lon="6.47235">
				<ele>1588.05</ele>
				<time>2025-08-28T09:49:17.414Z</time>
			</trkpt>
			<trkpt lat="45.86704" lon="6.47234">
				<ele>1589.91</ele>
				<time>2025-08-28T09:49:19.880Z</time>
			</trkpt>
			<trkpt lat="45.86681" lon="6.47215">
				<ele>1597.7</ele>
				<time>2025-08-28T09:49:28.026Z</time>
			</trkpt>
			<trkpt lat="45.86639" lon="6.4721">
				<ele>1591.98</ele>
				<time>2025-08-28T09:49:40.964Z</time>
			</trkpt>
			<trkpt lat="45.86618" lon="6.47205">
				<ele>1587.9</ele>
				<time>2025-08-28T09:49:47.500Z</time>
			</trkpt>
			<trkpt lat="45.86606" lon="6.47197">
				<ele>1588.93</ele>
				<time>2025-08-28T09:49:51.562Z</time>
			</trkpt>
			<trkpt lat="45.86592" lon="6.47176">
				<ele>1597.05</ele>
				<time>2025-08-28T09:49:57.778Z</time>
			</trkpt>
			<trkpt lat="45.86573" lon="6.47158">
				<ele>1603.29</ele>
				<time>2025-08-28T09:50:04.766Z</time>
			</trkpt>
			<trkpt lat="45.86527" lon="6.47131">
				<ele>1604.61</ele>
				<time>2025-08-28T09:50:20.024Z</time>
			</trkpt>
			<trkpt lat="45.86468" lon="6.47107">
				<ele>1606.96</ele>
				<time>2025-08-28T09:50:38.850Z</time>
			</trkpt>
			<trkpt lat="45.86398" lon="6.47088">
				<ele>1589.7</ele>
				<time>2025-08-28T09:51:00.719Z</time>
			</trkpt>
			<trkpt lat="45.86326" lon="6.47091">
				<ele>1574.97</ele>
				<time>2025-08-28T09:51:22.825Z</time>
			</trkpt>
			<trkpt lat="45.86314" lon="6.47085">
				<ele>1577.29</ele>
				<time>2025-08-28T09:51:26.724Z</time>
			</trkpt>
			<trkpt lat="45.86305" lon="6.47077">
				<ele>1580.02</ele>
				<time>2025-08-28T09:51:29.972Z</time>
			</trkpt>
			<trkpt lat="45.86294" lon="6.47077">
				<ele>1579.23</ele>
				<time>2025-08-28T09:51:33.347Z</time>
			</trkpt>
			<trkpt lat="45.86286" lon="6.4708">
				<ele>1577.64</ele>
				<time>2025-08-28T09:51:35.884Z</time>
			</trkpt>
			<trkpt lat="45.8627" lon="6.47074">
				<ele>1579.38</ele>
				<time>2025-08-28T09:51:40.957Z</time>
			</trkpt>
			<trkpt lat="45.86258" lon="6.47077">
				<ele>1578.07</ele>
				<time>2025-08-28T09:51:44.693Z</time>
			</trkpt>
			<trkpt lat="45.86244" lon="6.47083">
				<ele>1574.96</ele>
				<time>2025-08-28T09:51:49.175Z</time>
			</trkpt>
			<trkpt lat="45.86181" lon="6.47104">
				<ele>1568.83</ele>
				<time>2025-08-28T09:52:09.009Z</time>
			</trkpt>
			<trkpt lat="45.86153" lon="6.47102">
				<ele>1566.67</ele>
				<time>2025-08-28T09:52:17.604Z</time>
			</trkpt>
			<trkpt lat="45.86138" lon="6.47105">
				<ele>1566.02</ele>
				<time>2025-08-28T09:52:22.246Z</time>
			</trkpt>
			<trkpt lat="45.86109" lon="6.47105">
				<ele>1565.66</ele>
				<time>2025-08-28T09:52:31.134Z</time>
			</trkpt>
			<trkpt lat="45.86086" lon="6.471">
				<ele>1564.39</ele>
				<time>2025-08-28T09:52:38.263Z</time>
			</trkpt>
			<trkpt lat="45.86064" lon="6.471">
				<ele>1562.66</ele>
				<time>2025-08-28T09:52:45.004Z</time>
			</trkpt>
			<trkpt lat="45.86033" lon="6.47093">
				<ele>1558.4</ele>
				<time>2025-08-28T09:52:54.618Z</time>
			</trkpt>
			<trkpt lat="45.86015" lon="6.47084">
				<ele>1554.92</ele>
				<time>2025-08-28T09:53:00.456Z</time>
			</trkpt>
			<trkpt lat="45.86007" lon="6.47073">
				<ele>1554.68</ele>
				<time>2025-08-28T09:53:03.849Z</time>
			</trkpt>
			<trkpt lat="45.85987" lon="6.47007">
				<ele>1567.88</ele>
				<time>2025-08-28T09:53:19.200Z</time>
			</trkpt>
			<trkpt lat="45.85983" lon="6.46999">
				<ele>1568.49</ele>
				<time>2025-08-28T09:53:21.300Z</time>
			</trkpt>
			<trkpt lat="45.85959" lon="6.46977">
				<ele>1567.46</ele>
				<time>2025-08-28T09:53:30.019Z</time>
			</trkpt>
			<trkpt lat="45.85929" lon="6.46979">
				<ele>1560.65</ele>
				<time>2025-08-28T09:53:39.213Z</time>
			</trkpt>
			<trkpt lat="45.85923" lon="6.46976">
				<ele>1559.9</ele>
				<time>2025-08-28T09:53:41.158Z</time>
			</trkpt>
			<trkpt lat="45.85911" lon="6.46964">
				<ele>1560.34</ele>
				<time>2025-08-28T09:53:45.634Z</time>
			</trkpt>
			<trkpt lat="45.85907" lon="6.46963">
				<ele>1560.76</ele>
				<time>2025-08-28T09:53:46.877Z</time>
			</trkpt>
			<trkpt lat="45.85902" lon="6.46963">
				<ele>1560.97</ele>
				<time>2025-08-28T09:53:48.407Z</time>
			</trkpt>
			<trkpt lat="45.85889" lon="6.46969">
				<ele>1561.18</ele>
				<time>2025-08-28T09:53:52.587Z</time>
			</trkpt>
			<trkpt lat="45.85863" lon="6.46971">
				<ele>1559.39</ele>
				<time>2025-08-28T09:54:00.556Z</time>
			</trkpt>
			<trkpt lat="45.85839" lon="6.46968">
				<ele>1556.51</ele>
				<time>2025-08-28T09:54:07.929Z</time>
			</trkpt>
			<trkpt lat="45.85784" lon="6.46919">
				<ele>1565.1</ele>
				<time>2025-08-28T09:54:27.734Z</time>
			</trkpt>
			<trkpt lat="45.85764" lon="6.46894">
				<ele>1567.4</ele>
				<time>2025-08-28T09:54:35.846Z</time>
			</trkpt>
			<trkpt lat="45.85753" lon="6.46876">
				<ele>1568.29</ele>
				<time>2025-08-28T09:54:40.948Z</time>
			</trkpt>
			<trkpt lat="45.85745" lon="6.46869">
				<ele>1567.8</ele>
				<time>2025-08-28T09:54:43.814Z</time>
			</trkpt>
			<trkpt lat="45.85734" lon="6.46868">
				<ele>1565.24</ele>
				<time>2025-08-28T09:54:47.186Z</time>
			</trkpt>
			<trkpt lat="45.8572" lon="6.46882">
				<ele>1559.95</ele>
				<time>2025-08-28T09:54:52.404Z</time>
			</trkpt>
			<trkpt lat="45.85714" lon="6.46886">
				<ele>1558.61</ele>
				<time>2025-08-28T09:54:54.427Z</time>
			</trkpt>
			<trkpt lat="45.85703" lon="6.46884">
				<ele>1557.79</ele>
				<time>2025-08-28T09:54:57.819Z</time>
			</trkpt>
			<trkpt lat="45.85697" lon="6.46878">
				<ele>1558.29</ele>
				<time>2025-08-28T09:55:00.055Z</time>
			</trkpt>
			<trkpt lat="45.85689" lon="6.46853">
				<ele>1561.88</ele>
				<time>2025-08-28T09:55:05.915Z</time>
			</trkpt>
			<trkpt lat="45.85674" lon="6.4683">
				<ele>1564.96</ele>
				<time>2025-08-28T09:55:12.627Z</time>
			</trkpt>
			<trkpt lat="45.85667" lon="6.46771">
				<ele>1569.31</ele>
				<time>2025-08-28T09:55:25.374Z</time>
			</trkpt>
			<trkpt lat="45.85661" lon="6.4675">
				<ele>1572.59</ele>
				<time>2025-08-28T09:55:30.208Z</time>
			</trkpt>
			<trkpt lat="45.85655" lon="6.46733">
				<ele>1575.98</ele>
				<time>2025-08-28T09:55:34.266Z</time>
			</trkpt>
			<trkpt lat="45.85647" lon="6.46723">
				<ele>1577.57</ele>
				<time>2025-08-28T09:55:37.510Z</time>
			</trkpt>
			<trkpt lat="45.85624" lon="6.46708">
				<ele>1577.22</ele>
				<time>2025-08-28T09:55:45.234Z</time>
			</trkpt>
			<trkpt lat="45.85599" lon="6.46704">
				<ele>1576.63</ele>
				<time>2025-08-28T09:55:52.925Z</time>
			</trkpt>
			<trkpt lat="45.85594" lon="6.46696">
				<ele>1576.98</ele>
				<time>2025-08-28T09:55:55.213Z</time>
			</trkpt>
			<trkpt lat="45.85588" lon="6.46673">
				<ele>1580.66</ele>
				<time>2025-08-28T09:56:00.443Z</time>
			</trkpt>
			<trkpt lat="45.85582" lon="6.46667">
				<ele>1581.67</ele>
				<time>2025-08-28T09:56:02.678Z</time>
			</trkpt>
			<trkpt lat="45.85516" lon="6.46641">
				<ele>1589.8</ele>
				<time>2025-08-28T09:56:23.601Z</time>
			</trkpt>
			<trkpt lat="45.85432" lon="6.466">
				<ele>1605.48</ele>
				<time>2025-08-28T09:56:50.722Z</time>
			</trkpt>
			<trkpt lat="45.8538" lon="6.466">
				<ele>1605.88</ele>
				<time>2025-08-28T09:57:06.617Z</time>
			</trkpt>
			<trkpt lat="45.85362" lon="6.46607">
				<ele>1608.22</ele>
				<time>2025-08-28T09:57:12.317Z</time>
			</trkpt>
			<trkpt lat="45.85347" lon="6.46622">
				<ele>1608.35</ele>
				<time>2025-08-28T09:57:17.905Z</time>
			</trkpt>
			<trkpt lat="45.85342" lon="6.46637">
				<ele>1606.59</ele>
				<time>2025-08-28T09:57:21.445Z</time>
			</trkpt>
			<trkpt lat="45.85339" lon="6.46663">
				<ele>1604.84</ele>
				<time>2025-08-28T09:57:27.056Z</time>
			</trkpt>
			<trkpt lat="45.85337" lon="6.46674">
				<ele>1605.4</ele>
				<time>2025-08-28T09:57:29.476Z</time>
			</trkpt>
			<trkpt lat="45.85317" lon="6.46706">
				<ele>1612.84</ele>
				<time>2025-08-28T09:57:38.630Z</time>
			</trkpt>
			<trkpt lat="45.85294" lon="6.4675">
				<ele>1616.67</ele>
				<time>2025-08-28T09:57:50.342Z</time>
			</trkpt>
			<trkpt lat="45.85275" lon="6.4677">
				<ele>1619.71</ele>
				<time>2025-08-28T09:57:57.544Z</time>
			</trkpt>
			<trkpt lat="45.85271" lon="6.46779">
				<ele>1621.18</ele>
				<time>2025-08-28T09:57:59.817Z</time>
			</trkpt>
			<trkpt lat="45.85263" lon="6.46807">
				<ele>1623.47</ele>
				<time>2025-08-28T09:58:06.261Z</time>
			</trkpt>
			<trkpt lat="45.85245" lon="6.46843">
				<ele>1631.5</ele>
				<time>2025-08-28T09:58:15.696Z</time>
			</trkpt>
			<trkpt lat="45.85237" lon="6.46888">
				<ele>1631.96</ele>
				<time>2025-08-28T09:58:25.585Z</time>
			</trkpt>
			<trkpt lat="45.85233" lon="6.46898">
				<ele>1632.56</ele>
				<time>2025-08-28T09:58:28.041Z</time>
			</trkpt>
			<trkpt lat="45.85229" lon="6.46904">
				<ele>1633.52</ele>
				<time>2025-08-28T09:58:29.809Z</time>
			</trkpt>
			<trkpt lat="45.85221" lon="6.46908">
				<ele>1635.61</ele>
				<time>2025-08-28T09:58:32.399Z</time>
			</trkpt>
			<trkpt lat="45.85216" lon="6.46906">
				<ele>1636.55</ele>
				<time>2025-08-28T09:58:33.986Z</time>
			</trkpt>
			<trkpt lat="45.85214" lon="6.46902">
				<ele>1637.46</ele>
				<time>2025-08-28T09:58:35.034Z</time>
			</trkpt>
			<trkpt lat="45.85213" lon="6.46895">
				<ele>1638.62</ele>
				<time>2025-08-28T09:58:36.556Z</time>
			</trkpt>
			<trkpt lat="45.85218" lon="6.46875">
				<ele>1639.5</ele>
				<time>2025-08-28T09:58:41.081Z</time>
			</trkpt>
			<trkpt lat="45.85219" lon="6.46869">
				<ele>1640.26</ele>
				<time>2025-08-28T09:58:42.395Z</time>
			</trkpt>
			<trkpt lat="45.85216" lon="6.46861">
				<ele>1642.36</ele>
				<time>2025-08-28T09:58:44.330Z</time>
			</trkpt>
			<trkpt lat="45.85211" lon="6.4686">
				<ele>1644.34</ele>
				<time>2025-08-28T09:58:45.873Z</time>
			</trkpt>
			<trkpt lat="45.85167" lon="6.46879">
				<ele>1651.51</ele>
				<time>2025-08-28T09:58:59.922Z</time>
			</trkpt>
			<trkpt lat="45.8516" lon="6.46885">
				<ele>1651.33</ele>
				<time>2025-08-28T09:59:02.414Z</time>
			</trkpt>
			<trkpt lat="45.85152" lon="6.46895">
				<ele>1649.68</ele>
				<time>2025-08-28T09:59:05.658Z</time>
			</trkpt>
			<trkpt lat="45.85117" lon="6.46964">
				<ele>1647.22</ele>
				<time>2025-08-28T09:59:23.839Z</time>
			</trkpt>
			<trkpt lat="45.85115" lon="6.46975">
				<ele>1647.12</ele>
				<time>2025-08-28T09:59:26.261Z</time>
			</trkpt>
			<trkpt lat="45.85117" lon="6.47">
				<ele>1647.32</ele>
				<time>2025-08-28T09:59:31.621Z</time>
			</trkpt>
			<trkpt lat="45.85116" lon="6.47016">
				<ele>1648.39</ele>
				<time>2025-08-28T09:59:35.043Z</time>
			</trkpt>
			<trkpt lat="45.85111" lon="6.4703">
				<ele>1649.86</ele>
				<time>2025-08-28T09:59:38.395Z</time>
			</trkpt>
			<trkpt lat="45.85098" lon="6.4705">
				<ele>1649.73</ele>
				<time>2025-08-28T09:59:44.223Z</time>
			</trkpt>
			<trkpt lat="45.8509" lon="6.47068">
				<ele>1648.37</ele>
				<time>2025-08-28T09:59:48.772Z</time>
			</trkpt>
			<trkpt lat="45.85068" lon="6.47165">
				<ele>1641.04</ele>
				<time>2025-08-28T10:00:10.509Z</time>
			</trkpt>
			<trkpt lat="45.85055" lon="6.47207">
				<ele>1640.43</ele>
				<time>2025-08-28T10:00:20.304Z</time>
			</trkpt>
			<trkpt lat="45.85053" lon="6.47219">
				<ele>1641.25</ele>
				<time>2025-08-28T10:00:22.934Z</time>
			</trkpt>
			<trkpt lat="45.85048" lon="6.473">
				<ele>1636.2</ele>
				<time>2025-08-28T10:00:40.268Z</time>
			</trkpt>
			<trkpt lat="45.85048" lon="6.47356">
				<ele>1629.02</ele>
				<time>2025-08-28T10:00:52.207Z</time>
			</trkpt>
			<trkpt lat="45.85052" lon="6.47376">
				<ele>1628.09</ele>
				<time>2025-08-28T10:00:56.644Z</time>
			</trkpt>
			<trkpt lat="45.85062" lon="6.4741">
				<ele>1626.37</ele>
				<time>2025-08-28T10:01:04.514Z</time>
			</trkpt>
			<trkpt lat="45.85065" lon="6.47424">
				<ele>1625.91</ele>
				<time>2025-08-28T10:01:07.637Z</time>
			</trkpt>
			<trkpt lat="45.85067" lon="6.47439">
				<ele>1625.55</ele>
				<time>2025-08-28T10:01:10.894Z</time>
			</trkpt>
			<trkpt lat="45.85066" lon="6.47482">
				<ele>1622.69</ele>
				<time>2025-08-28T10:01:20.071Z</time>
			</trkpt>
			<trkpt lat="45.85063" lon="6.47495">
				<ele>1622.7</ele>
				<time>2025-08-28T10:01:22.992Z</time>
			</trkpt>
			<trkpt lat="45.85046" lon="6.47554">
				<ele>1623.32</ele>
				<time>2025-08-28T10:01:36.613Z</time>
			</trkpt>
			<trkpt lat="45.85041" lon="6.47566">
				<ele>1623.51</ele>
				<time>2025-08-28T10:01:39.597Z</time>
			</trkpt>
			<trkpt lat="45.85038" lon="6.47568">
				<ele>1623.68</ele>
				<time>2025-08-28T10:01:40.610Z</time>
			</trkpt>
			<trkpt lat="45.85032" lon="6.47567">
				<ele>1624.09</ele>
				<time>2025-08-28T10:01:42.460Z</time>
			</trkpt>
			<trkpt lat="45.85017" lon="6.47537">
				<ele>1620.92</ele>
				<time>2025-08-28T10:01:50.341Z</time>
			</trkpt>
			<trkpt lat="45.85007" lon="6.4751">
				<ele>1618.29</ele>
				<time>2025-08-28T10:01:56.867Z</time>
			</trkpt>
			<trkpt lat="45.84998" lon="6.47474">
				<ele>1617.56</ele>
				<time>2025-08-28T10:02:05.030Z</time>
			</trkpt>
			<trkpt lat="45.84992" lon="6.47437">
				<ele>1618.29</ele>
				<time>2025-08-28T10:02:13.138Z</time>
			</trkpt>
			<trkpt lat="45.84973" lon="6.47397">
				<ele>1617.01</ele>
				<time>2025-08-28T10:02:23.473Z</time>
			</trkpt>
			<trkpt lat="45.84965" lon="6.47389">
				<ele>1616.38</ele>
				<time>2025-08-28T10:02:26.461Z</time>
			</trkpt>
			<trkpt lat="45.84956" lon="6.47387">
				<ele>1614.98</ele>
				<time>2025-08-28T10:02:29.252Z</time>
			</trkpt>
			<trkpt lat="45.84947" lon="6.47389">
				<ele>1612.67</ele>
				<time>2025-08-28T10:02:32.043Z</time>
			</trkpt>
			<trkpt lat="45.84935" lon="6.474">
				<ele>1607.99</ele>
				<time>2025-08-28T10:02:36.406Z</time>
			</trkpt>
			<trkpt lat="45.84928" lon="6.47404">
				<ele>1605.43</ele>
				<time>2025-08-28T10:02:38.716Z</time>
			</trkpt>
			<trkpt lat="45.84921" lon="6.47403">
				<ele>1603.38</ele>
				<time>2025-08-28T10:02:40.872Z</time>
			</trkpt>
			<trkpt lat="45.84915" lon="6.47399">
				<ele>1601.93</ele>
				<time>2025-08-28T10:02:42.899Z</time>
			</trkpt>
			<trkpt lat="45.84908" lon="6.47389">
				<ele>1600.94</ele>
				<time>2025-08-28T10:02:45.926Z</time>
			</trkpt>
			<trkpt lat="45.84882" lon="6.47335">
				<ele>1602.44</ele>
				<time>2025-08-28T10:02:59.942Z</time>
			</trkpt>
			<trkpt lat="45.84874" lon="6.47311">
				<ele>1601.71</ele>
				<time>2025-08-28T10:03:05.623Z</time>
			</trkpt>
			<trkpt lat="45.84872" lon="6.47295">
				<ele>1601.68</ele>
				<time>2025-08-28T10:03:09.095Z</time>
			</trkpt>
			<trkpt lat="45.84862" lon="6.47161">
				<ele>1599.1</ele>
				<time>2025-08-28T10:03:37.876Z</time>
			</trkpt>
			<trkpt lat="45.84859" lon="6.47138">
				<ele>1592.28</ele>
				<time>2025-08-28T10:03:42.873Z</time>
			</trkpt>
			<trkpt lat="45.84854" lon="6.4703">
				<ele>1589.58</ele>
				<time>2025-08-28T10:04:05.994Z</time>
			</trkpt>
			<trkpt lat="45.84849" lon="6.46991">
				<ele>1591.34</ele>
				<time>2025-08-28T10:04:14.465Z</time>
			</trkpt>
			<trkpt lat="45.84847" lon="6.4693">
				<ele>1590.28</ele>
				<time>2025-08-28T10:04:27.511Z</time>
			</trkpt>
			<trkpt lat="45.84838" lon="6.46879">
				<ele>1582.36</ele>
				<time>2025-08-28T10:04:38.752Z</time>
			</trkpt>
			<trkpt lat="45.84844" lon="6.46822">
				<ele>1573.95</ele>
				<time>2025-08-28T10:04:51.069Z</time>
			</trkpt>
			<trkpt lat="45.84846" lon="6.46809">
				<ele>1572.92</ele>
				<time>2025-08-28T10:04:53.914Z</time>
			</trkpt>
			<trkpt lat="45.84868" lon="6.46774">
				<ele>1578.78</ele>
				<time>2025-08-28T10:05:03.988Z</time>
			</trkpt>
			<trkpt lat="45.84873" lon="6.46752">
				<ele>1579.67</ele>
				<time>2025-08-28T10:05:08.933Z</time>
			</trkpt>
			<trkpt lat="45.84873" lon="6.46733">
				<ele>1579.5</ele>
				<time>2025-08-28T10:05:12.994Z</time>
			</trkpt>
			<trkpt lat="45.84872" lon="6.46724">
				<ele>1579.15</ele>
				<time>2025-08-28T10:05:14.941Z</time>
			</trkpt>
			<trkpt lat="45.84866" lon="6.46695">
				<ele>1576.5</ele>
				<time>2025-08-28T10:05:21.406Z</time>
			</trkpt>
			<trkpt lat="45.8487" lon="6.46661">
				<ele>1577.24</ele>
				<time>2025-08-28T10:05:28.776Z</time>
			</trkpt>
			<trkpt lat="45.84871" lon="6.46609">
				<ele>1578.39</ele>
				<time>2025-08-28T10:05:39.893Z</time>
			</trkpt>
			<trkpt lat="45.84874" lon="6.46555">
				<ele>1584.13</ele>
				<time>2025-08-28T10:05:51.472Z</time>
			</trkpt>
			<trkpt lat="45.84869" lon="6.46539">
				<ele>1584.07</ele>
				<time>2025-08-28T10:05:55.220Z</time>
			</trkpt>
			<trkpt lat="45.84842" lon="6.46498">
				<ele>1575.4</ele>
				<time>2025-08-28T10:06:07.280Z</time>
			</trkpt>
			<trkpt lat="45.84829" lon="6.46481">
				<ele>1571.75</ele>
				<time>2025-08-28T10:06:12.677Z</time>
			</trkpt>
			<trkpt lat="45.84805" lon="6.4646">
				<ele>1566.12</ele>
				<time>2025-08-28T10:06:21.302Z</time>
			</trkpt>
			<trkpt lat="45.84782" lon="6.46423">
				<ele>1565.12</ele>
				<time>2025-08-28T10:06:31.904Z</time>
			</trkpt>
			<trkpt lat="45.84779" lon="6.46413">
				<ele>1565.15</ele>
				<time>2025-08-28T10:06:34.231Z</time>
			</trkpt>
			<trkpt lat="45.84779" lon="6.46393">
				<ele>1568.06</ele>
				<time>2025-08-28T10:06:38.507Z</time>
			</trkpt>
			<trkpt lat="45.84777" lon="6.46379">
				<ele>1568.4</ele>
				<time>2025-08-28T10:06:41.562Z</time>
			</trkpt>
			<trkpt lat="45.84755" lon="6.46316">
				<ele>1567.16</ele>
				<time>2025-08-28T10:06:56.629Z</time>
			</trkpt>
			<trkpt lat="45.84748" lon="6.46302">
				<ele>1568.33</ele>
				<time>2025-08-28T10:07:00.314Z</time>
			</trkpt>
			<trkpt lat="45.84736" lon="6.46284">
				<ele>1570.01</ele>
				<time>2025-08-28T10:07:05.641Z</time>
			</trkpt>
			<trkpt lat="45.84712" lon="6.46233">
				<ele>1573.09</ele>
				<time>2025-08-28T10:07:18.801Z</time>
			</trkpt>
			<trkpt lat="45.847" lon="6.46196">
				<ele>1577.29</ele>
				<time>2025-08-28T10:07:27.528Z</time>
			</trkpt>
			<trkpt lat="45.84692" lon="6.46183">
				<ele>1579.41</ele>
				<time>2025-08-28T10:07:31.237Z</time>
			</trkpt>
			<trkpt lat="45.84677" lon="6.46166">
				<ele>1581.46</ele>
				<time>2025-08-28T10:07:37.104Z</time>
			</trkpt>
			<trkpt lat="45.84659" lon="6.46126">
				<ele>1584.61</ele>
				<time>2025-08-28T10:07:47.287Z</time>
			</trkpt>
			<trkpt lat="45.84618" lon="6.46084">
				<ele>1588.35</ele>
				<time>2025-08-28T10:08:02.749Z</time>
			</trkpt>
			<trkpt lat="45.84598" lon="6.46052">
				<ele>1594.54</ele>
				<time>2025-08-28T10:08:11.943Z</time>
			</trkpt>
			<trkpt lat="45.84591" lon="6.46048">
				<ele>1595.33</ele>
				<time>2025-08-28T10:08:14.256Z</time>
			</trkpt>
			<trkpt lat="45.8457" lon="6.46047">
				<ele>1594.85</ele>
				<time>2025-08-28T10:08:20.707Z</time>
			</trkpt>
			<trkpt lat="45.84558" lon="6.46044">
				<ele>1595.48</ele>
				<time>2025-08-28T10:08:24.447Z</time>
			</trkpt>
			<trkpt lat="45.84515" lon="6.46017">
				<ele>1603.33</ele>
				<time>2025-08-28T10:08:38.856Z</time>
			</trkpt>
			<trkpt lat="45.84505" lon="6.4602">
				<ele>1601.92</ele>
				<time>2025-08-28T10:08:41.993Z</time>
			</trkpt>
			<trkpt lat="45.84446" lon="6.46082">
				<ele>1596.72</ele>
				<time>2025-08-28T10:09:04.443Z</time>
			</trkpt>
			<trkpt lat="45.84423" lon="6.46101">
				<ele>1601.03</ele>
				<time>2025-08-28T10:09:12.591Z</time>
			</trkpt>
			<trkpt lat="45.84413" lon="6.46105">
				<ele>1602.44</ele>
				<time>2025-08-28T10:09:15.778Z</time>
			</trkpt>
			<trkpt lat="45.84399" lon="6.46106">
				<ele>1605.51</ele>
				<time>2025-08-28T10:09:20.082Z</time>
			</trkpt>
			<trkpt lat="45.84373" lon="6.46117">
				<ele>1608.39</ele>
				<time>2025-08-28T10:09:28.405Z</time>
			</trkpt>
			<trkpt lat="45.8434" lon="6.46117">
				<ele>1614.52</ele>
				<time>2025-08-28T10:09:38.537Z</time>
			</trkpt>
			<trkpt lat="45.84319" lon="6.46124">
				<ele>1617.58</ele>
				<time>2025-08-28T10:09:45.157Z</time>
			</trkpt>
			<trkpt lat="45.84312" lon="6.46129">
				<ele>1618.46</ele>
				<time>2025-08-28T10:09:47.558Z</time>
			</trkpt>
			<trkpt lat="45.84309" lon="6.46136">
				<ele>1618.11</ele>
				<time>2025-08-28T10:09:49.316Z</time>
			</trkpt>
			<trkpt lat="45.84303" lon="6.46172">
				<ele>1615.07</ele>
				<time>2025-08-28T10:09:57.234Z</time>
			</trkpt>
			<trkpt lat="45.84294" lon="6.46194">
				<ele>1614.28</ele>
				<time>2025-08-28T10:10:02.691Z</time>
			</trkpt>
			<trkpt lat="45.84273" lon="6.46223">
				<ele>1615.15</ele>
				<time>2025-08-28T10:10:11.639Z</time>
			</trkpt>
			<trkpt lat="45.84258" lon="6.46257">
				<ele>1615.3</ele>
				<time>2025-08-28T10:10:20.248Z</time>
			</trkpt>
			<trkpt lat="45.84253" lon="6.46264">
				<ele>1616.61</ele>
				<time>2025-08-28T10:10:22.392Z</time>
			</trkpt>
			<trkpt lat="45.84244" lon="6.46268">
				<ele>1619.06</ele>
				<time>2025-08-28T10:10:25.285Z</time>
			</trkpt>
			<trkpt lat="45.84241" lon="6.46266">
				<ele>1620.37</ele>
				<time>2025-08-28T10:10:26.301Z</time>
			</trkpt>
			<trkpt lat="45.84239" lon="6.46262">
				<ele>1621.76</ele>
				<time>2025-08-28T10:10:27.354Z</time>
			</trkpt>
			<trkpt lat="45.84238" lon="6.46256">
				<ele>1623.06</ele>
				<time>2025-08-28T10:10:28.674Z</time>
			</trkpt>
			<trkpt lat="45.8424" lon="6.46249">
				<ele>1623.98</ele>
				<time>2025-08-28T10:10:30.292Z</time>
			</trkpt>
			<trkpt lat="45.84271" lon="6.46183">
				<ele>1623.31</ele>
				<time>2025-08-28T10:10:47.320Z</time>
			</trkpt>
			<trkpt lat="45.84274" lon="6.46172">
				<ele>1624.06</ele>
				<time>2025-08-28T10:10:49.847Z</time>
			</trkpt>
			<trkpt lat="45.84273" lon="6.46159">
				<ele>1626.64</ele>
				<time>2025-08-28T10:10:52.645Z</time>
			</trkpt>
			<trkpt lat="45.84268" lon="6.46153">
				<ele>1629.44</ele>
				<time>2025-08-28T10:10:54.646Z</time>
			</trkpt>
			<trkpt lat="45.84261" lon="6.46154">
				<ele>1631.91</ele>
				<time>2025-08-28T10:10:56.806Z</time>
			</trkpt>
			<trkpt lat="45.84254" lon="6.46164">
				<ele>1633.3</ele>
				<time>2025-08-28T10:10:59.838Z</time>
			</trkpt>
			<trkpt lat="45.84241" lon="6.46175">
				<ele>1637.84</ele>
				<time>2025-08-28T10:11:04.472Z</time>
			</trkpt>
			<trkpt lat="45.84208" lon="6.46189">
				<ele>1646.46</ele>
				<time>2025-08-28T10:11:15.039Z</time>
			</trkpt>
			<trkpt lat="45.8418" lon="6.46209">
				<ele>1640.66</ele>
				<time>2025-08-28T10:11:24.642Z</time>
			</trkpt>
			<trkpt lat="45.84146" lon="6.46256">
				<ele>1635.59</ele>
				<time>2025-08-28T10:11:39.136Z</time>
			</trkpt>
			<trkpt lat="45.84137" lon="6.46273">
				<ele>1635.82</ele>
				<time>2025-08-28T10:11:43.704Z</time>
			</trkpt>
			<trkpt lat="45.8413" lon="6.46276">
				<ele>1636.6</ele>
				<time>2025-08-28T10:11:45.947Z</time>
			</trkpt>
			<trkpt lat="45.84126" lon="6.46272">
				<ele>1638.06</ele>
				<time>2025-08-28T10:11:47.444Z</time>
			</trkpt>
			<trkpt lat="45.84126" lon="6.46262">
				<ele>1639.37</ele>
				<time>2025-08-28T10:11:49.583Z</time>
			</trkpt>
			<trkpt lat="45.8414" lon="6.46241">
				<ele>1639.21</ele>
				<time>2025-08-28T10:11:55.801Z</time>
			</trkpt>
			<trkpt lat="45.84157" lon="6.46197">
				<ele>1647.71</ele>
				<time>2025-08-28T10:12:06.564Z</time>
			</trkpt>
			<trkpt lat="45.84158" lon="6.46192">
				<ele>1649.28</ele>
				<time>2025-08-28T10:12:07.676Z</time>
			</trkpt>
			<trkpt lat="45.84157" lon="6.46186">
				<ele>1651.14</ele>
				<time>2025-08-28T10:12:08.996Z</time>
			</trkpt>
			<trkpt lat="45.84151" lon="6.4618">
				<ele>1653.1</ele>
				<time>2025-08-28T10:12:11.241Z</time>
			</trkpt>
			<trkpt lat="45.84144" lon="6.46179">
				<ele>1653.84</ele>
				<time>2025-08-28T10:12:13.401Z</time>
			</trkpt>
			<trkpt lat="45.84111" lon="6.46186">
				<ele>1654.94</ele>
				<time>2025-08-28T10:12:23.644Z</time>
			</trkpt>
			<trkpt lat="45.8409" lon="6.46198">
				<ele>1655.06</ele>
				<time>2025-08-28T10:12:30.584Z</time>
			</trkpt>
			<trkpt lat="45.84063" lon="6.46226">
				<ele>1655.96</ele>
				<time>2025-08-28T10:12:40.812Z</time>
			</trkpt>
			<trkpt lat="45.84055" lon="6.4623">
				<ele>1657.18</ele>
				<time>2025-08-28T10:12:43.413Z</time>
			</trkpt>
			<trkpt lat="45.84045" lon="6.46232">
				<ele>1659.06</ele>
				<time>2025-08-28T10:12:46.513Z</time>
			</trkpt>
			<trkpt lat="45.84022" lon="6.46225">
				<ele>1664.83</ele>
				<time>2025-08-28T10:12:53.732Z</time>
			</trkpt>
			<trkpt lat="45.84" lon="6.46223">
				<ele>1666.86</ele>
				<time>2025-08-28T10:13:00.500Z</time>
			</trkpt>
			<trkpt lat="45.83977" lon="6.46214">
				<ele>1669.15</ele>
				<time>2025-08-28T10:13:07.819Z</time>
			</trkpt>
			<trkpt lat="45.83946" lon="6.46215">
				<ele>1664.43</ele>
				<time>2025-08-28T10:13:17.339Z</time>
			</trkpt>
			<trkpt lat="45.83939" lon="6.46209">
				<ele>1666.27</ele>
				<time>2025-08-28T10:13:19.843Z</time>
			</trkpt>
			<trkpt lat="45.83937" lon="6.46204">
				<ele>1667.98</ele>
				<time>2025-08-28T10:13:21.076Z</time>
			</trkpt>
			<trkpt lat="45.8393" lon="6.46183">
				<ele>1674.29</ele>
				<time>2025-08-28T10:13:26.055Z</time>
			</trkpt>
			<trkpt lat="45.83924" lon="6.46172">
				<ele>1677.06</ele>
				<time>2025-08-28T10:13:29.043Z</time>
			</trkpt>
			<trkpt lat="45.83911" lon="6.46162">
				<ele>1678.95</ele>
				<time>2025-08-28T10:13:33.571Z</time>
			</trkpt>
			<trkpt lat="45.83902" lon="6.46162">
				<ele>1679.02</ele>
				<time>2025-08-28T10:13:36.334Z</time>
			</trkpt>
			<trkpt lat="45.83894" lon="6.46167">
				<ele>1677.81</ele>
				<time>2025-08-28T10:13:39.013Z</time>
			</trkpt>
			<trkpt lat="45.83891" lon="6.46173">
				<ele>1676.76</ele>
				<time>2025-08-28T10:13:40.593Z</time>
			</trkpt>
			<trkpt lat="45.83874" lon="6.46214">
				<ele>1676.89</ele>
				<time>2025-08-28T10:13:50.798Z</time>
			</trkpt>
			<trkpt lat="45.83859" lon="6.46243">
				<ele>1679.35</ele>
				<time>2025-08-28T10:13:58.523Z</time>
			</trkpt>
			<trkpt lat="45.83852" lon="6.46267">
				<ele>1679.11</ele>
				<time>2025-08-28T10:14:04.087Z</time>
			</trkpt>
			<trkpt lat="45.83838" lon="6.46289">
				<ele>1680.99</ele>
				<time>2025-08-28T10:14:10.460Z</time>
			</trkpt>
			<trkpt lat="45.83829" lon="6.46295">
				<ele>1683.3</ele>
				<time>2025-08-28T10:14:13.506Z</time>
			</trkpt>
			<trkpt lat="45.83812" lon="6.46286">
				<ele>1688.31</ele>
				<time>2025-08-28T10:14:19.068Z</time>
			</trkpt>
			<trkpt lat="45.83805" lon="6.46287">
				<ele>1689.89</ele>
				<time>2025-08-28T10:14:21.228Z</time>
			</trkpt>
			<trkpt lat="45.838" lon="6.46294">
				<ele>1690.48</ele>
				<time>2025-08-28T10:14:23.372Z</time>
			</trkpt>
			<trkpt lat="45.83795" lon="6.46324">
				<ele>1686.69</ele>
				<time>2025-08-28T10:14:29.968Z</time>
			</trkpt>
			<trkpt lat="45.8379" lon="6.46336">
				<ele>1685.17</ele>
				<time>2025-08-28T10:14:32.959Z</time>
			</trkpt>
			<trkpt lat="45.83786" lon="6.46341">
				<ele>1684.91</ele>
				<time>2025-08-28T10:14:34.587Z</time>
			</trkpt>
			<trkpt lat="45.83765" lon="6.46351">
				<ele>1686.31</ele>
				<time>2025-08-28T10:14:41.378Z</time>
			</trkpt>
			<trkpt lat="45.83719" lon="6.46353">
				<ele>1692.23</ele>
				<time>2025-08-28T10:14:55.504Z</time>
			</trkpt>
			<trkpt lat="45.83701" lon="6.46358">
				<ele>1694.25</ele>
				<time>2025-08-28T10:15:01.131Z</time>
			</trkpt>
			<trkpt lat="45.83696" lon="6.46362">
				<ele>1694.69</ele>
				<time>2025-08-28T10:15:02.888Z</time>
			</trkpt>
			<trkpt lat="45.8369" lon="6.46368">
				<ele>1694.67</ele>
				<time>2025-08-28T10:15:05.133Z</time>
			</trkpt>
			<trkpt lat="45.83679" lon="6.46389">
				<ele>1693.42</ele>
				<time>2025-08-28T10:15:10.751Z</time>
			</trkpt>
			<trkpt lat="45.83672" lon="6.46394">
				<ele>1693.02</ele>
				<time>2025-08-28T10:15:13.151Z</time>
			</trkpt>
			<trkpt lat="45.83665" lon="6.46361">
				<ele>1696.71</ele>
				<time>2025-08-28T10:15:20.527Z</time>
			</trkpt>
			<trkpt lat="45.83658" lon="6.46348">
				<ele>1697.88</ele>
				<time>2025-08-28T10:15:24.040Z</time>
			</trkpt>
			<trkpt lat="45.83632" lon="6.46304">
				<ele>1700.04</ele>
				<time>2025-08-28T10:15:36.376Z</time>
			</trkpt>
			<trkpt lat="45.83622" lon="6.46279">
				<ele>1699.78</ele>
				<time>2025-08-28T10:15:42.540Z</time>
			</trkpt>
			<trkpt lat="45.83607" lon="6.46227">
				<ele>1703.73</ele>
				<time>2025-08-28T10:15:54.573Z</time>
			</trkpt>
			<trkpt lat="45.83587" lon="6.46183">
				<ele>1708.34</ele>
				<time>2025-08-28T10:16:05.807Z</time>
			</trkpt>
			<trkpt lat="45.83579" lon="6.46156">
				<ele>1709.77</ele>
				<time>2025-08-28T10:16:12.080Z</time>
			</trkpt>
			<trkpt lat="45.83578" lon="6.46144">
				<ele>1710.29</ele>
				<time>2025-08-28T10:16:14.664Z</time>
			</trkpt>
			<trkpt lat="45.83579" lon="6.46129">
				<ele>1711.16</ele>
				<time>2025-08-28T10:16:17.886Z</time>
			</trkpt>
			<trkpt lat="45.83585" lon="6.46107">
				<ele>1712.45</ele>
				<time>2025-08-28T10:16:22.938Z</time>
			</trkpt>
			<trkpt lat="45.83599" lon="6.46066">
				<ele>1715.64</ele>
				<time>2025-08-28T10:16:32.700Z</time>
			</trkpt>
			<trkpt lat="45.83602" lon="6.46049">
				<ele>1716.81</ele>
				<time>2025-08-28T10:16:36.450Z</time>
			</trkpt>
			<trkpt lat="45.83602" lon="6.46036">
				<ele>1716.81</ele>
				<time>2025-08-28T10:16:39.230Z</time>
			</trkpt>
			<trkpt lat="45.83596" lon="6.46008">
				<ele>1715.5</ele>
				<time>2025-08-28T10:16:45.493Z</time>
			</trkpt>
			<trkpt lat="45.83595" lon="6.45996">
				<ele>1715.33</ele>
				<time>2025-08-28T10:16:48.077Z</time>
			</trkpt>
			<trkpt lat="45.83598" lon="6.45989">
				<ele>1715.86</ele>
				<time>2025-08-28T10:16:49.835Z</time>
			</trkpt>
			<trkpt lat="45.83604" lon="6.45985">
				<ele>1717.14</ele>
				<time>2025-08-28T10:16:51.865Z</time>
			</trkpt>
			<trkpt lat="45.83609" lon="6.45986">
				<ele>1718.09</ele>
				<time>2025-08-28T10:16:53.414Z</time>
			</trkpt>
			<trkpt lat="45.83613" lon="6.4599">
				<ele>1718.96</ele>
				<time>2025-08-28T10:16:54.910Z</time>
			</trkpt>
			<trkpt lat="45.83618" lon="6.46004">
				<ele>1720.09</ele>
				<time>2025-08-28T10:16:58.274Z</time>
			</trkpt>
			<trkpt lat="45.83626" lon="6.46033">
				<ele>1721.17</ele>
				<time>2025-08-28T10:17:04.943Z</time>
			</trkpt>
			<trkpt lat="45.83635" lon="6.46057">
				<ele>1722.2</ele>
				<time>2025-08-28T10:17:10.771Z</time>
			</trkpt>
			<trkpt lat="45.8365" lon="6.46066">
				<ele>1723.86</ele>
				<time>2025-08-28T10:17:15.760Z</time>
			</trkpt>
			<trkpt lat="45.83672" lon="6.46069">
				<ele>1726.83</ele>
				<time>2025-08-28T10:17:22.543Z</time>
			</trkpt>
			<trkpt lat="45.83688" lon="6.46067">
				<ele>1727.88</ele>
				<time>2025-08-28T10:17:27.471Z</time>
			</trkpt>
			<trkpt lat="45.83724" lon="6.46053">
				<ele>1730.52</ele>
				<time>2025-08-28T10:17:38.918Z</time>
			</trkpt>
			<trkpt lat="45.83742" lon="6.46049">
				<ele>1732.47</ele>
				<time>2025-08-28T10:17:44.508Z</time>
			</trkpt>
			<trkpt lat="45.83751" lon="6.46044">
				<ele>1733.92</ele>
				<time>2025-08-28T10:17:47.470Z</time>
			</trkpt>
			<trkpt lat="45.83754" lon="6.46035">
				<ele>1734.93</ele>
				<time>2025-08-28T10:17:49.603Z</time>
			</trkpt>
			<trkpt lat="45.83753" lon="6.4603">
				<ele>1735.94</ele>
				<time>2025-08-28T10:17:50.715Z</time>
			</trkpt>
			<trkpt lat="45.8375" lon="6.46026">
				<ele>1737.01</ele>
				<time>2025-08-28T10:17:51.972Z</time>
			</trkpt>
			<trkpt lat="45.83743" lon="6.46024">
				<ele>1736.93</ele>
				<time>2025-08-28T10:17:54.162Z</time>
			</trkpt>
			<trkpt lat="45.83729" lon="6.46027">
				<ele>1735.64</ele>
				<time>2025-08-28T10:17:58.506Z</time>
			</trkpt>
			<trkpt lat="45.83721" lon="6.46023">
				<ele>1735.73</ele>
				<time>2025-08-28T10:18:01.106Z</time>
			</trkpt>
			<trkpt lat="45.83715" lon="6.46013">
				<ele>1737.11</ele>
				<time>2025-08-28T10:18:03.928Z</time>
			</trkpt>
			<trkpt lat="45.83712" lon="6.46">
				<ele>1738.91</ele>
				<time>2025-08-28T10:18:06.856Z</time>
			</trkpt>
			<trkpt lat="45.83713" lon="6.45987">
				<ele>1740.24</ele>
				<time>2025-08-28T10:18:09.652Z</time>
			</trkpt>
			<trkpt lat="45.83722" lon="6.45945">
				<ele>1745.84</ele>
				<time>2025-08-28T10:18:19.048Z</time>
			</trkpt>
			<trkpt lat="45.83724" lon="6.45932">
				<ele>1747.61</ele>
				<time>2025-08-28T10:18:21.894Z</time>
			</trkpt>
			<trkpt lat="45.83721" lon="6.45916">
				<ele>1749.8</ele>
				<time>2025-08-28T10:18:25.437Z</time>
			</trkpt>
			<trkpt lat="45.83712" lon="6.4589">
				<ele>1750.21</ele>
				<time>2025-08-28T10:18:31.644Z</time>
			</trkpt>
			<trkpt lat="45.83713" lon="6.45875">
				<ele>1750.69</ele>
				<time>2025-08-28T10:18:34.866Z</time>
			</trkpt>
			<trkpt lat="45.83719" lon="6.45859">
				<ele>1751.79</ele>
				<time>2025-08-28T10:18:38.751Z</time>
			</trkpt>
			<trkpt lat="45.83744" lon="6.45829">
				<ele>1755.88</ele>
				<time>2025-08-28T10:18:48.752Z</time>
			</trkpt>
			<trkpt lat="45.83746" lon="6.45822">
				<ele>1756.88</ele>
				<time>2025-08-28T10:18:50.369Z</time>
			</trkpt>
			<trkpt lat="45.83744" lon="6.45812">
				<ele>1757.92</ele>
				<time>2025-08-28T10:18:52.594Z</time>
			</trkpt>
			<trkpt lat="45.83739" lon="6.45808">
				<ele>1758.28</ele>
				<time>2025-08-28T10:18:54.351Z</time>
			</trkpt>
			<trkpt lat="45.8372" lon="6.45803">
				<ele>1758.26</ele>
				<time>2025-08-28T10:19:00.279Z</time>
			</trkpt>
			<trkpt lat="45.83685" lon="6.458">
				<ele>1755.31</ele>
				<time>2025-08-28T10:19:11.039Z</time>
			</trkpt>
			<trkpt lat="45.83624" lon="6.45771">
				<ele>1745.17</ele>
				<time>2025-08-28T10:19:30.760Z</time>
			</trkpt>
			<trkpt lat="45.83607" lon="6.45756">
				<ele>1747.7</ele>
				<time>2025-08-28T10:19:36.884Z</time>
			</trkpt>
			<trkpt lat="45.83589" lon="6.45735">
				<ele>1752.32</ele>
				<time>2025-08-28T10:19:44.003Z</time>
			</trkpt>
			<trkpt lat="45.8356" lon="6.45707">
				<ele>1748.83</ele>
				<time>2025-08-28T10:19:54.729Z</time>
			</trkpt>
			<trkpt lat="45.83551" lon="6.45695">
				<ele>1746.79</ele>
				<time>2025-08-28T10:19:58.499Z</time>
			</trkpt>
			<trkpt lat="45.83539" lon="6.45666">
				<ele>1746.72</ele>
				<time>2025-08-28T10:20:05.711Z</time>
			</trkpt>
			<trkpt lat="45.83531" lon="6.45644">
				<ele>1748.32</ele>
				<time>2025-08-28T10:20:11.017Z</time>
			</trkpt>
			<trkpt lat="45.83524" lon="6.45633">
				<ele>1748.14</ele>
				<time>2025-08-28T10:20:14.202Z</time>
			</trkpt>
			<trkpt lat="45.83499" lon="6.45615">
				<ele>1745.12</ele>
				<time>2025-08-28T10:20:22.786Z</time>
			</trkpt>
			<trkpt lat="45.83478" lon="6.45594">
				<ele>1747.94</ele>
				<time>2025-08-28T10:20:30.641Z</time>
			</trkpt>
			<trkpt lat="45.83462" lon="6.45586">
				<ele>1748.05</ele>
				<time>2025-08-28T10:20:35.841Z</time>
			</trkpt>
			<trkpt lat="45.83431" lon="6.45582">
				<ele>1743.04</ele>
				<time>2025-08-28T10:20:45.393Z</time>
			</trkpt>
			<trkpt lat="45.83397" lon="6.45581">
				<ele>1727.37</ele>
				<time>2025-08-28T10:20:55.829Z</time>
			</trkpt>
			<trkpt lat="45.8335" lon="6.45551">
				<ele>1724.91</ele>
				<time>2025-08-28T10:21:11.615Z</time>
			</trkpt>
			<trkpt lat="45.83336" lon="6.45537">
				<ele>1726.59</ele>
				<time>2025-08-28T10:21:16.852Z</time>
			</trkpt>
			<trkpt lat="45.83317" lon="6.45501">
				<ele>1727.82</ele>
				<time>2025-08-28T10:21:26.509Z</time>
			</trkpt>
			<trkpt lat="45.83306" lon="6.45482">
				<ele>1724.67</ele>
				<time>2025-08-28T10:21:31.791Z</time>
			</trkpt>
			<trkpt lat="45.833" lon="6.45475">
				<ele>1722.83</ele>
				<time>2025-08-28T10:21:34.164Z</time>
			</trkpt>
			<trkpt lat="45.83293" lon="6.45469">
				<ele>1721.22</ele>
				<time>2025-08-28T10:21:36.666Z</time>
			</trkpt>
			<trkpt lat="45.83263" lon="6.45448">
				<ele>1715.58</ele>
				<time>2025-08-28T10:21:46.910Z</time>
			</trkpt>
			<trkpt lat="45.83243" lon="6.45429">
				<ele>1715.96</ele>
				<time>2025-08-28T10:21:54.270Z</time>
			</trkpt>
			<trkpt lat="45.83219" lon="6.4541">
				<ele>1717.99</ele>
				<time>2025-08-28T10:22:02.682Z</time>
			</trkpt>
			<trkpt lat="45.83193" lon="6.45395">
				<ele>1718.03</ele>
				<time>2025-08-28T10:22:11.282Z</time>
			</trkpt>
			<trkpt lat="45.83039" lon="6.45428">
				<ele>1722.16</ele>
				<time>2025-08-28T10:22:59.067Z</time>
			</trkpt>
			<trkpt lat="45.83029" lon="6.45428">
				<ele>1722.57</ele>
				<time>2025-08-28T10:23:02.136Z</time>
			</trkpt>
			<trkpt lat="45.83012" lon="6.45421">
				<ele>1718.57</ele>
				<time>2025-08-28T10:23:07.564Z</time>
			</trkpt>
			<trkpt lat="45.82985" lon="6.45399">
				<ele>1716.94</ele>
				<time>2025-08-28T10:23:17.092Z</time>
			</trkpt>
			<trkpt lat="45.8295" lon="6.45365">
				<ele>1718.94</ele>
				<time>2025-08-28T10:23:30.063Z</time>
			</trkpt>
			<trkpt lat="45.82927" lon="6.45351">
				<ele>1718.2</ele>
				<time>2025-08-28T10:23:37.730Z</time>
			</trkpt>
			<trkpt lat="45.8291" lon="6.45346">
				<ele>1719.27</ele>
				<time>2025-08-28T10:23:43.056Z</time>
			</trkpt>
			<trkpt lat="45.82868" lon="6.45339">
				<ele>1724.71</ele>
				<time>2025-08-28T10:23:56.032Z</time>
			</trkpt>
			<trkpt lat="45.82846" lon="6.45345">
				<ele>1724.44</ele>
				<time>2025-08-28T10:24:02.904Z</time>
			</trkpt>
			<trkpt lat="45.82818" lon="6.45361">
				<ele>1722.99</ele>
				<time>2025-08-28T10:24:12.153Z</time>
			</trkpt>
			<trkpt lat="45.82802" lon="6.4536">
				<ele>1722.76</ele>
				<time>2025-08-28T10:24:17.068Z</time>
			</trkpt>
			<trkpt lat="45.82787" lon="6.45353">
				<ele>1721.91</ele>
				<time>2025-08-28T10:24:21.909Z</time>
			</trkpt>
			<trkpt lat="45.82771" lon="6.45335">
				<ele>1720.48</ele>
				<time>2025-08-28T10:24:28.148Z</time>
			</trkpt>
			<trkpt lat="45.82758" lon="6.45317">
				<ele>1718.31</ele>
				<time>2025-08-28T10:24:33.692Z</time>
			</trkpt>
			<trkpt lat="45.82755" lon="6.4531">
				<ele>1717.83</ele>
				<time>2025-08-28T10:24:35.449Z</time>
			</trkpt>
			<trkpt lat="45.82741" lon="6.45265">
				<ele>1713.19</ele>
				<time>2025-08-28T10:24:45.988Z</time>
			</trkpt>
			<trkpt lat="45.82709" lon="6.45176">
				<ele>1712.19</ele>
				<time>2025-08-28T10:25:07.405Z</time>
			</trkpt>
			<trkpt lat="45.82695" lon="6.45144">
				<ele>1712.03</ele>
				<time>2025-08-28T10:25:15.485Z</time>
			</trkpt>
			<trkpt lat="45.82689" lon="6.45136">
				<ele>1711.12</ele>
				<time>2025-08-28T10:25:17.999Z</time>
			</trkpt>
			<trkpt lat="45.82682" lon="6.45133">
				<ele>1709.15</ele>
				<time>2025-08-28T10:25:20.241Z</time>
			</trkpt>
			<trkpt lat="45.82678" lon="6.45135">
				<ele>1707.56</ele>
				<time>2025-08-28T10:25:21.541Z</time>
			</trkpt>
			<trkpt lat="45.82673" lon="6.4514">
				<ele>1705.38</ele>
				<time>2025-08-28T10:25:23.411Z</time>
			</trkpt>
			<trkpt lat="45.8267" lon="6.45154">
				<ele>1705.04</ele>
				<time>2025-08-28T10:25:26.543Z</time>
			</trkpt>
			<trkpt lat="45.82669" lon="6.45168">
				<ele>1705.33</ele>
				<time>2025-08-28T10:25:29.553Z</time>
			</trkpt>
			<trkpt lat="45.82669" lon="6.45201">
				<ele>1701.15</ele>
				<time>2025-08-28T10:25:36.610Z</time>
			</trkpt>
			<trkpt lat="45.82682" lon="6.45254">
				<ele>1693.73</ele>
				<time>2025-08-28T10:25:48.626Z</time>
			</trkpt>
			<trkpt lat="45.82682" lon="6.45262">
				<ele>1693.15</ele>
				<time>2025-08-28T10:25:50.337Z</time>
			</trkpt>
			<trkpt lat="45.82679" lon="6.45268">
				<ele>1692.23</ele>
				<time>2025-08-28T10:25:51.916Z</time>
			</trkpt>
			<trkpt lat="45.82671" lon="6.4527">
				<ele>1690.45</ele>
				<time>2025-08-28T10:25:54.408Z</time>
			</trkpt>
			<trkpt lat="45.82664" lon="6.45264">
				<ele>1689.13</ele>
				<time>2025-08-28T10:25:56.910Z</time>
			</trkpt>
			<trkpt lat="45.82646" lon="6.45227">
				<ele>1691.1</ele>
				<time>2025-08-28T10:26:06.561Z</time>
			</trkpt>
			<trkpt lat="45.82635" lon="6.45209">
				<ele>1691.36</ele>
				<time>2025-08-28T10:26:11.681Z</time>
			</trkpt>
			<trkpt lat="45.82606" lon="6.45176">
				<ele>1684.99</ele>
				<time>2025-08-28T10:26:23.039Z</time>
			</trkpt>
			<trkpt lat="45.82593" lon="6.45157">
				<ele>1681.33</ele>
				<time>2025-08-28T10:26:28.733Z</time>
			</trkpt>
			<trkpt lat="45.82572" lon="6.45132">
				<ele>1674.39</ele>
				<time>2025-08-28T10:26:37.107Z</time>
			</trkpt>
			<trkpt lat="45.82563" lon="6.45117">
				<ele>1671.97</ele>
				<time>2025-08-28T10:26:41.340Z</time>
			</trkpt>
			<trkpt lat="45.8256" lon="6.45109">
				<ele>1671.47</ele>
				<time>2025-08-28T10:26:43.283Z</time>
			</trkpt>
			<trkpt lat="45.82558" lon="6.45096">
				<ele>1672.46</ele>
				<time>2025-08-28T10:26:46.130Z</time>
			</trkpt>
			<trkpt lat="45.82559" lon="6.45075">
				<ele>1675.48</ele>
				<time>2025-08-28T10:26:50.632Z</time>
			</trkpt>
			<trkpt lat="45.82562" lon="6.45053">
				<ele>1679.14</ele>
				<time>2025-08-28T10:26:55.426Z</time>
			</trkpt>
			<trkpt lat="45.82561" lon="6.45035">
				<ele>1680.5</ele>
				<time>2025-08-28T10:26:59.287Z</time>
			</trkpt>
			<trkpt lat="45.8254" lon="6.45018">
				<ele>1676.93</ele>
				<time>2025-08-28T10:27:06.687Z</time>
			</trkpt>
			<trkpt lat="45.82519" lon="6.44995">
				<ele>1677.39</ele>
				<time>2025-08-28T10:27:14.794Z</time>
			</trkpt>
			<trkpt lat="45.82491" lon="6.44969">
				<ele>1674.68</ele>
				<time>2025-08-28T10:27:25.029Z</time>
			</trkpt>
			<trkpt lat="45.82468" lon="6.44953">
				<ele>1666.25</ele>
				<time>2025-08-28T10:27:32.873Z</time>
			</trkpt>
			<trkpt lat="45.82457" lon="6.44936">
				<ele>1662.98</ele>
				<time>2025-08-28T10:27:37.835Z</time>
			</trkpt>
			<trkpt lat="45.82454" lon="6.44926">
				<ele>1661.49</ele>
				<time>2025-08-28T10:27:40.163Z</time>
			</trkpt>
			<trkpt lat="45.82452" lon="6.44915">
				<ele>1660.66</ele>
				<time>2025-08-28T10:27:42.594Z</time>
			</trkpt>
			<trkpt lat="45.82449" lon="6.44862">
				<ele>1660.17</ele>
				<time>2025-08-28T10:27:53.966Z</time>
			</trkpt>
			<trkpt lat="45.82448" lon="6.44832">
				<ele>1659.48</ele>
				<time>2025-08-28T10:28:00.389Z</time>
			</trkpt>
			<trkpt lat="45.8244" lon="6.448">
				<ele>1656.33</ele>
				<time>2025-08-28T10:28:07.660Z</time>
			</trkpt>
			<trkpt lat="45.82438" lon="6.44783">
				<ele>1655.48</ele>
				<time>2025-08-28T10:28:11.347Z</time>
			</trkpt>
			<trkpt lat="45.82439" lon="6.44758">
				<ele>1659.31</ele>
				<time>2025-08-28T10:28:16.702Z</time>
			</trkpt>
			<trkpt lat="45.82443" lon="6.44728">
				<ele>1666.53</ele>
				<time>2025-08-28T10:28:23.235Z</time>
			</trkpt>
			<trkpt lat="45.82442" lon="6.44712">
				<ele>1668.33</ele>
				<time>2025-08-28T10:28:26.670Z</time>
			</trkpt>
			<trkpt lat="45.82438" lon="6.44702">
				<ele>1667.86</ele>
				<time>2025-08-28T10:28:29.136Z</time>
			</trkpt>
			<trkpt lat="45.82415" lon="6.44673">
				<ele>1660.57</ele>
				<time>2025-08-28T10:28:38.532Z</time>
			</trkpt>
			<trkpt lat="45.82385" lon="6.44615">
				<ele>1659.59</ele>
				<time>2025-08-28T10:28:53.980Z</time>
			</trkpt>
			<trkpt lat="45.82377" lon="6.44607">
				<ele>1658.72</ele>
				<time>2025-08-28T10:28:56.972Z</time>
			</trkpt>
			<trkpt lat="45.82366" lon="6.44609">
				<ele>1656.28</ele>
				<time>2025-08-28T10:29:00.375Z</time>
			</trkpt>
			<trkpt lat="45.82341" lon="6.44637">
				<ele>1649.8</ele>
				<time>2025-08-28T10:29:10.108Z</time>
			</trkpt>
			<trkpt lat="45.82327" lon="6.44658">
				<ele>1646.43</ele>
				<time>2025-08-28T10:29:16.323Z</time>
			</trkpt>
			<trkpt lat="45.82322" lon="6.44661">
				<ele>1646.16</ele>
				<time>2025-08-28T10:29:17.986Z</time>
			</trkpt>
			<trkpt lat="45.82315" lon="6.4466">
				<ele>1646.02</ele>
				<time>2025-08-28T10:29:20.145Z</time>
			</trkpt>
			<trkpt lat="45.82301" lon="6.44649">
				<ele>1645.1</ele>
				<time>2025-08-28T10:29:25.043Z</time>
			</trkpt>
			<trkpt lat="45.82291" lon="6.44638">
				<ele>1644.51</ele>
				<time>2025-08-28T10:29:28.910Z</time>
			</trkpt>
			<trkpt lat="45.82255" lon="6.4459">
				<ele>1642.74</ele>
				<time>2025-08-28T10:29:43.992Z</time>
			</trkpt>
			<trkpt lat="45.82251" lon="6.4458">
				<ele>1641.33</ele>
				<time>2025-08-28T10:29:46.458Z</time>
			</trkpt>
			<trkpt lat="45.82251" lon="6.4456">
				<ele>1636.57</ele>
				<time>2025-08-28T10:29:50.735Z</time>
			</trkpt>
			<trkpt lat="45.82252" lon="6.44554">
				<ele>1635.17</ele>
				<time>2025-08-28T10:29:52.054Z</time>
			</trkpt>
			<trkpt lat="45.82257" lon="6.44541">
				<ele>1633.24</ele>
				<time>2025-08-28T10:29:55.230Z</time>
			</trkpt>
			<trkpt lat="45.82262" lon="6.44534">
				<ele>1632.61</ele>
				<time>2025-08-28T10:29:57.374Z</time>
			</trkpt>
			<trkpt lat="45.82287" lon="6.4451">
				<ele>1632.88</ele>
				<time>2025-08-28T10:30:06.605Z</time>
			</trkpt>
			<trkpt lat="45.82316" lon="6.44496">
				<ele>1637.92</ele>
				<time>2025-08-28T10:30:15.995Z</time>
			</trkpt>
			<trkpt lat="45.82324" lon="6.44488">
				<ele>1639.73</ele>
				<time>2025-08-28T10:30:18.987Z</time>
			</trkpt>
			<trkpt lat="45.82326" lon="6.44475">
				<ele>1639.88</ele>
				<time>2025-08-28T10:30:21.835Z</time>
			</trkpt>
			<trkpt lat="45.82324" lon="6.44462">
				<ele>1638.21</ele>
				<time>2025-08-28T10:30:24.682Z</time>
			</trkpt>
			<trkpt lat="45.82311" lon="6.44428">
				<ele>1633.82</ele>
				<time>2025-08-28T10:30:32.976Z</time>
			</trkpt>
			<trkpt lat="45.82298" lon="6.44386">
				<ele>1636.85</ele>
				<time>2025-08-28T10:30:42.804Z</time>
			</trkpt>
			<trkpt lat="45.82286" lon="6.44363">
				<ele>1638.9</ele>
				<time>2025-08-28T10:30:48.949Z</time>
			</trkpt>
			<trkpt lat="45.82252" lon="6.4431">
				<ele>1639.74</ele>
				<time>2025-08-28T10:31:04.356Z</time>
			</trkpt>
			<trkpt lat="45.8224" lon="6.44297">
				<ele>1638.77</ele>
				<time>2025-08-28T10:31:08.970Z</time>
			</trkpt>
			<trkpt lat="45.82228" lon="6.4429">
				<ele>1636.8</ele>
				<time>2025-08-28T10:31:12.945Z</time>
			</trkpt>
			<trkpt lat="45.82219" lon="6.4429">
				<ele>1634.83</ele>
				<time>2025-08-28T10:31:15.707Z</time>
			</trkpt>
			<trkpt lat="45.82191" lon="6.443">
				<ele>1631.36</ele>
				<time>2025-08-28T10:31:24.563Z</time>
			</trkpt>
			<trkpt lat="45.82174" lon="6.44302">
				<ele>1631.27</ele>
				<time>2025-08-28T10:31:29.797Z</time>
			</trkpt>
			<trkpt lat="45.82155" lon="6.44299">
				<ele>1631.06</ele>
				<time>2025-08-28T10:31:35.663Z</time>
			</trkpt>
			<trkpt lat="45.82145" lon="6.44292">
				<ele>1630.93</ele>
				<time>2025-08-28T10:31:39.078Z</time>
			</trkpt>
			<trkpt lat="45.82138" lon="6.44278">
				<ele>1630.81</ele>
				<time>2025-08-28T10:31:42.763Z</time>
			</trkpt>
			<trkpt lat="45.82124" lon="6.44214">
				<ele>1625.5</ele>
				<time>2025-08-28T10:31:57.110Z</time>
			</trkpt>
			<trkpt lat="45.82115" lon="6.44196">
				<ele>1624.3</ele>
				<time>2025-08-28T10:32:01.848Z</time>
			</trkpt>
			<trkpt lat="45.82092" lon="6.44171">
				<ele>1623.24</ele>
				<time>2025-08-28T10:32:10.703Z</time>
			</trkpt>
			<trkpt lat="45.82072" lon="6.4414">
				<ele>1624.07</ele>
				<time>2025-08-28T10:32:19.738Z</time>
			</trkpt>
			<trkpt lat="45.82052" lon="6.44115">
				<ele>1619.67</ele>
				<time>2025-08-28T10:32:27.878Z</time>
			</trkpt>
			<trkpt lat="45.82024" lon="6.44088">
				<ele>1614.66</ele>
				<time>2025-08-28T10:32:38.231Z</time>
			</trkpt>
			<trkpt lat="45.82007" lon="6.44066">
				<ele>1617.01</ele>
				<time>2025-08-28T10:32:45.257Z</time>
			</trkpt>
			<trkpt lat="45.81988" lon="6.44044">
				<ele>1618.88</ele>
				<time>2025-08-28T10:32:52.749Z</time>
			</trkpt>
			<trkpt lat="45.81971" lon="6.44032">
				<ele>1616.95</ele>
				<time>2025-08-28T10:32:58.564Z</time>
			</trkpt>
			<trkpt lat="45.81929" lon="6.44012">
				<ele>1609.86</ele>
				<time>2025-08-28T10:33:12.145Z</time>
			</trkpt>
			<trkpt lat="45.81917" lon="6.44008">
				<ele>1608.2</ele>
				<time>2025-08-28T10:33:15.925Z</time>
			</trkpt>
			<trkpt lat="45.81863" lon="6.44">
				<ele>1595.6</ele>
				<time>2025-08-28T10:33:32.586Z</time>
			</trkpt>
			<trkpt lat="45.8184" lon="6.43993">
				<ele>1595.47</ele>
				<time>2025-08-28T10:33:39.801Z</time>
			</trkpt>
			<trkpt lat="45.81817" lon="6.43976">
				<ele>1598.43</ele>
				<time>2025-08-28T10:33:47.741Z</time>
			</trkpt>
			<trkpt lat="45.81795" lon="6.43953">
				<ele>1599.64</ele>
				<time>2025-08-28T10:33:56.095Z</time>
			</trkpt>
			<trkpt lat="45.81716" lon="6.43912">
				<ele>1577.93</ele>
				<time>2025-08-28T10:34:21.877Z</time>
			</trkpt>
			<trkpt lat="45.81709" lon="6.43904">
				<ele>1578.39</ele>
				<time>2025-08-28T10:34:24.624Z</time>
			</trkpt>
			<trkpt lat="45.81708" lon="6.439">
				<ele>1579.38</ele>
				<time>2025-08-28T10:34:25.533Z</time>
			</trkpt>
			<trkpt lat="45.81707" lon="6.43888">
				<ele>1582.88</ele>
				<time>2025-08-28T10:34:28.117Z</time>
			</trkpt>
			<trkpt lat="45.8171" lon="6.43863">
				<ele>1590.56</ele>
				<time>2025-08-28T10:34:33.543Z</time>
			</trkpt>
			<trkpt lat="45.81707" lon="6.43854">
				<ele>1591.51</ele>
				<time>2025-08-28T10:34:35.677Z</time>
			</trkpt>
			<trkpt lat="45.81699" lon="6.43848">
				<ele>1593.28</ele>
				<time>2025-08-28T10:34:38.448Z</time>
			</trkpt>
			<trkpt lat="45.81693" lon="6.43849">
				<ele>1592.74</ele>
				<time>2025-08-28T10:34:40.301Z</time>
			</trkpt>
			<trkpt lat="45.81647" lon="6.4388">
				<ele>1579.04</ele>
				<time>2025-08-28T10:34:55.898Z</time>
			</trkpt>
			<trkpt lat="45.81628" lon="6.43877">
				<ele>1577.99</ele>
				<time>2025-08-28T10:35:01.764Z</time>
			</trkpt>
			<trkpt lat="45.81591" lon="6.43856">
				<ele>1572.85</ele>
				<time>2025-08-28T10:35:13.976Z</time>
			</trkpt>
			<trkpt lat="45.81542" lon="6.43812">
				<ele>1567.94</ele>
				<time>2025-08-28T10:35:31.716Z</time>
			</trkpt>
			<trkpt lat="45.81534" lon="6.43802">
				<ele>1568.95</ele>
				<time>2025-08-28T10:35:34.972Z</time>
			</trkpt>
			<trkpt lat="45.8152" lon="6.43772">
				<ele>1568.3</ele>
				<time>2025-08-28T10:35:42.695Z</time>
			</trkpt>
			<trkpt lat="45.81511" lon="6.43759">
				<ele>1568.11</ele>
				<time>2025-08-28T10:35:46.614Z</time>
			</trkpt>
			<trkpt lat="45.81496" lon="6.43744">
				<ele>1567.51</ele>
				<time>2025-08-28T10:35:52.225Z</time>
			</trkpt>
			<trkpt lat="45.81479" lon="6.43733">
				<ele>1567.96</ele>
				<time>2025-08-28T10:35:57.949Z</time>
			</trkpt>
			<trkpt lat="45.81469" lon="6.43731">
				<ele>1567.28</ele>
				<time>2025-08-28T10:36:01.047Z</time>
			</trkpt>
			<trkpt lat="45.8144" lon="6.43735">
				<ele>1561.36</ele>
				<time>2025-08-28T10:36:09.988Z</time>
			</trkpt>
			<trkpt lat="45.81404" lon="6.43725">
				<ele>1556.15</ele>
				<time>2025-08-28T10:36:21.242Z</time>
			</trkpt>
			<trkpt lat="45.81343" lon="6.43726">
				<ele>1544.38</ele>
				<time>2025-08-28T10:36:39.964Z</time>
			</trkpt>
			<trkpt lat="45.81324" lon="6.43721">
				<ele>1542.98</ele>
				<time>2025-08-28T10:36:45.893Z</time>
			</trkpt>
			<trkpt lat="45.81285" lon="6.43705">
				<ele>1542.69</ele>
				<time>2025-08-28T10:36:58.342Z</time>
			</trkpt>
			<trkpt lat="45.81232" lon="6.43698">
				<ele>1543.1</ele>
				<time>2025-08-28T10:37:14.676Z</time>
			</trkpt>
			<trkpt lat="45.8121" lon="6.437">
				<ele>1540.14</ele>
				<time>2025-08-28T10:37:21.442Z</time>
			</trkpt>
			<trkpt lat="45.81202" lon="6.43696">
				<ele>1539.93</ele>
				<time>2025-08-28T10:37:24.042Z</time>
			</trkpt>
			<trkpt lat="45.81193" lon="6.43687">
				<ele>1540.72</ele>
				<time>2025-08-28T10:37:27.409Z</time>
			</trkpt>
			<trkpt lat="45.81182" lon="6.43681">
				<ele>1538.68</ele>
				<time>2025-08-28T10:37:31.021Z</time>
			</trkpt>
			<trkpt lat="45.81122" lon="6.43669">
				<ele>1530.73</ele>
				<time>2025-08-28T10:37:49.613Z</time>
			</trkpt>
			<trkpt lat="45.81098" lon="6.4366">
				<ele>1532.23</ele>
				<time>2025-08-28T10:37:57.226Z</time>
			</trkpt>
			<trkpt lat="45.8105" lon="6.43651">
				<ele>1532.34</ele>
				<time>2025-08-28T10:38:12.083Z</time>
			</trkpt>
			<trkpt lat="45.81034" lon="6.43656">
				<ele>1523.06</ele>
				<time>2025-08-28T10:38:17.109Z</time>
			</trkpt>
			<trkpt lat="45.81005" lon="6.4368">
				<ele>1507.29</ele>
				<time>2025-08-28T10:38:27.384Z</time>
			</trkpt>
			<trkpt lat="45.80987" lon="6.43691">
				<ele>1501.21</ele>
				<time>2025-08-28T10:38:33.388Z</time>
			</trkpt>
			<trkpt lat="45.80981" lon="6.43698">
				<ele>1498.91</ele>
				<time>2025-08-28T10:38:35.762Z</time>
			</trkpt>
			<trkpt lat="45.80979" lon="6.43709">
				<ele>1497.17</ele>
				<time>2025-08-28T10:38:38.194Z</time>
			</trkpt>
			<trkpt lat="45.8098" lon="6.43724">
				<ele>1495.89</ele>
				<time>2025-08-28T10:38:41.417Z</time>
			</trkpt>
			<trkpt lat="45.8099" lon="6.43753">
				<ele>1498.62</ele>
				<time>2025-08-28T10:38:48.339Z</time>
			</trkpt>
			<trkpt lat="45.80992" lon="6.43763">
				<ele>1500.07</ele>
				<time>2025-08-28T10:38:50.564Z</time>
			</trkpt>
			<trkpt lat="45.80989" lon="6.43783">
				<ele>1499.29</ele>
				<time>2025-08-28T10:38:54.941Z</time>
			</trkpt>
			<trkpt lat="45.8098" lon="6.43797">
				<ele>1494.55</ele>
				<time>2025-08-28T10:38:59.015Z</time>
			</trkpt>
			<trkpt lat="45.80971" lon="6.43803">
				<ele>1490.71</ele>
				<time>2025-08-28T10:39:02.061Z</time>
			</trkpt>
			<trkpt lat="45.80957" lon="6.43802">
				<ele>1486.56</ele>
				<time>2025-08-28T10:39:06.363Z</time>
			</trkpt>
			<trkpt lat="45.8095" lon="6.43795">
				<ele>1483.6</ele>
				<time>2025-08-28T10:39:08.982Z</time>
			</trkpt>
			<trkpt lat="45.80946" lon="6.43785">
				<ele>1480.74</ele>
				<time>2025-08-28T10:39:11.448Z</time>
			</trkpt>
			<trkpt lat="45.80945" lon="6.43766">
				<ele>1480.53</ele>
				<time>2025-08-28T10:39:15.525Z</time>
			</trkpt>
			<trkpt lat="45.80946" lon="6.43742">
				<ele>1483.66</ele>
				<time>2025-08-28T10:39:20.668Z</time>
			</trkpt>
			<trkpt lat="45.8095" lon="6.43711">
				<ele>1489.02</ele>
				<time>2025-08-28T10:39:27.413Z</time>
			</trkpt>
			<trkpt lat="45.8095" lon="6.43703">
				<ele>1489.7</ele>
				<time>2025-08-28T10:39:29.124Z</time>
			</trkpt>
			<trkpt lat="45.80938" lon="6.43664">
				<ele>1490.58</ele>
				<time>2025-08-28T10:39:38.244Z</time>
			</trkpt>
			<trkpt lat="45.80939" lon="6.43645">
				<ele>1496.3</ele>
				<time>2025-08-28T10:39:42.320Z</time>
			</trkpt>
			<trkpt lat="45.80937" lon="6.43633">
				<ele>1499.43</ele>
				<time>2025-08-28T10:39:44.960Z</time>
			</trkpt>
			<trkpt lat="45.8093" lon="6.43628">
				<ele>1497.64</ele>
				<time>2025-08-28T10:39:47.360Z</time>
			</trkpt>
			<trkpt lat="45.80901" lon="6.43628">
				<ele>1485.63</ele>
				<time>2025-08-28T10:39:56.260Z</time>
			</trkpt>
			<trkpt lat="45.8089" lon="6.43624">
				<ele>1483.57</ele>
				<time>2025-08-28T10:39:59.743Z</time>
			</trkpt>
			<trkpt lat="45.80883" lon="6.43614">
				<ele>1484.05</ele>
				<time>2025-08-28T10:40:02.775Z</time>
			</trkpt>
			<trkpt lat="45.80867" lon="6.43585">
				<ele>1492.04</ele>
				<time>2025-08-28T10:40:10.687Z</time>
			</trkpt>
			<trkpt lat="45.80842" lon="6.43562">
				<ele>1495.1</ele>
				<time>2025-08-28T10:40:19.802Z</time>
			</trkpt>
			<trkpt lat="45.80834" lon="6.43556">
				<ele>1495.14</ele>
				<time>2025-08-28T10:40:22.572Z</time>
			</trkpt>
			<trkpt lat="45.8083" lon="6.43555">
				<ele>1494.03</ele>
				<time>2025-08-28T10:40:23.818Z</time>
			</trkpt>
			<trkpt lat="45.8082" lon="6.43557">
				<ele>1489.7</ele>
				<time>2025-08-28T10:40:26.917Z</time>
			</trkpt>
			<trkpt lat="45.8081" lon="6.43555">
				<ele>1486.85</ele>
				<time>2025-08-28T10:40:30.016Z</time>
			</trkpt>
			<trkpt lat="45.80787" lon="6.43539">
				<ele>1486.15</ele>
				<time>2025-08-28T10:40:37.861Z</time>
			</trkpt>
			<trkpt lat="45.80754" lon="6.43522">
				<ele>1491.86</ele>
				<time>2025-08-28T10:40:48.622Z</time>
			</trkpt>
			<trkpt lat="45.80741" lon="6.43512">
				<ele>1495.3</ele>
				<time>2025-08-28T10:40:53.149Z</time>
			</trkpt>
			<trkpt lat="45.8073" lon="6.43489">
				<ele>1501.2</ele>
				<time>2025-08-28T10:40:59.117Z</time>
			</trkpt>
			<trkpt lat="45.80726" lon="6.43485">
				<ele>1501.71</ele>
				<time>2025-08-28T10:41:00.613Z</time>
			</trkpt>
			<trkpt lat="45.80721" lon="6.43484">
				<ele>1501.43</ele>
				<time>2025-08-28T10:41:02.163Z</time>
			</trkpt>
			<trkpt lat="45.80717" lon="6.43486">
				<ele>1500.78</ele>
				<time>2025-08-28T10:41:03.463Z</time>
			</trkpt>
			<trkpt lat="45.80714" lon="6.43493">
				<ele>1499.34</ele>
				<time>2025-08-28T10:41:05.221Z</time>
			</trkpt>
			<trkpt lat="45.80707" lon="6.43529">
				<ele>1492.13</ele>
				<time>2025-08-28T10:41:13.216Z</time>
			</trkpt>
			<trkpt lat="45.807" lon="6.43541">
				<ele>1488.79</ele>
				<time>2025-08-28T10:41:16.564Z</time>
			</trkpt>
			<trkpt lat="45.8069" lon="6.43549">
				<ele>1488.2</ele>
				<time>2025-08-28T10:41:20.078Z</time>
			</trkpt>
			<trkpt lat="45.80663" lon="6.4356">
				<ele>1493.15</ele>
				<time>2025-08-28T10:41:28.692Z</time>
			</trkpt>
			<trkpt lat="45.80636" lon="6.43577">
				<ele>1497.21</ele>
				<time>2025-08-28T10:41:37.742Z</time>
			</trkpt>
			<trkpt lat="45.80618" lon="6.43583">
				<ele>1499.65</ele>
				<time>2025-08-28T10:41:43.413Z</time>
			</trkpt>
			<trkpt lat="45.80598" lon="6.43582">
				<ele>1502.46</ele>
				<time>2025-08-28T10:41:49.555Z</time>
			</trkpt>
			<trkpt lat="45.80584" lon="6.43578">
				<ele>1504.21</ele>
				<time>2025-08-28T10:41:53.936Z</time>
			</trkpt>
			<trkpt lat="45.80557" lon="6.43559">
				<ele>1505.53</ele>
				<time>2025-08-28T10:42:03.166Z</time>
			</trkpt>
			<trkpt lat="45.80538" lon="6.43559">
				<ele>1505.35</ele>
				<time>2025-08-28T10:42:08.997Z</time>
			</trkpt>
			<trkpt lat="45.80487" lon="6.43587">
				<ele>1501.73</ele>
				<time>2025-08-28T10:42:25.756Z</time>
			</trkpt>
			<trkpt lat="45.80463" lon="6.4359">
				<ele>1507.66</ele>
				<time>2025-08-28T10:42:33.150Z</time>
			</trkpt>
			<trkpt lat="45.80443" lon="6.43596">
				<ele>1512.4</ele>
				<time>2025-08-28T10:42:39.421Z</time>
			</trkpt>
			<trkpt lat="45.80428" lon="6.43606">
				<ele>1514.66</ele>
				<time>2025-08-28T10:42:44.497Z</time>
			</trkpt>
			<trkpt lat="45.80391" lon="6.43637">
				<ele>1513.96</ele>
				<time>2025-08-28T10:42:57.648Z</time>
			</trkpt>
			<trkpt lat="45.80363" lon="6.43654">
				<ele>1515.04</ele>
				<time>2025-08-28T10:43:06.979Z</time>
			</trkpt>
			<trkpt lat="45.8028" lon="6.43692">
				<ele>1523.49</ele>
				<time>2025-08-28T10:43:33.718Z</time>
			</trkpt>
			<trkpt lat="45.80248" lon="6.4371">
				<ele>1527.55</ele>
				<time>2025-08-28T10:43:44.266Z</time>
			</trkpt>
			<trkpt lat="45.8021" lon="6.43706">
				<ele>1530.1</ele>
				<time>2025-08-28T10:43:55.960Z</time>
			</trkpt>
			<trkpt lat="45.80202" lon="6.43707">
				<ele>1530.77</ele>
				<time>2025-08-28T10:43:58.424Z</time>
			</trkpt>
			<trkpt lat="45.80175" lon="6.43717">
				<ele>1526.59</ele>
				<time>2025-08-28T10:44:06.982Z</time>
			</trkpt>
			<trkpt lat="45.80165" lon="6.43717">
				<ele>1525.35</ele>
				<time>2025-08-28T10:44:10.051Z</time>
			</trkpt>
			<trkpt lat="45.80159" lon="6.43711">
				<ele>1526.57</ele>
				<time>2025-08-28T10:44:12.296Z</time>
			</trkpt>
			<trkpt lat="45.80156" lon="6.43707">
				<ele>1527.75</ele>
				<time>2025-08-28T10:44:13.553Z</time>
			</trkpt>
			<trkpt lat="45.80155" lon="6.43691">
				<ele>1532.43</ele>
				<time>2025-08-28T10:44:16.990Z</time>
			</trkpt>
			<trkpt lat="45.80158" lon="6.43682">
				<ele>1536.98</ele>
				<time>2025-08-28T10:44:19.124Z</time>
			</trkpt>
			<trkpt lat="45.80163" lon="6.43677">
				<ele>1539.42</ele>
				<time>2025-08-28T10:44:20.995Z</time>
			</trkpt>
			<trkpt lat="45.80174" lon="6.43675">
				<ele>1541.26</ele>
				<time>2025-08-28T10:44:24.398Z</time>
			</trkpt>
			<trkpt lat="45.80187" lon="6.43678">
				<ele>1540.51</ele>
				<time>2025-08-28T10:44:28.439Z</time>
			</trkpt>
			<trkpt lat="45.80198" lon="6.43676">
				<ele>1540.54</ele>
				<time>2025-08-28T10:44:31.842Z</time>
			</trkpt>
			<trkpt lat="45.80233" lon="6.43659">
				<ele>1536.72</ele>
				<time>2025-08-28T10:44:43.182Z</time>
			</trkpt>
			<trkpt lat="45.80262" lon="6.43655">
				<ele>1528.48</ele>
				<time>2025-08-28T10:44:52.123Z</time>
			</trkpt>
			<trkpt lat="45.80266" lon="6.43651">
				<ele>1527.56</ele>
				<time>2025-08-28T10:44:53.619Z</time>
			</trkpt>
			<trkpt lat="45.80268" lon="6.43643">
				<ele>1527.68</ele>
				<time>2025-08-28T10:44:55.438Z</time>
			</trkpt>
			<trkpt lat="45.80265" lon="6.43634">
				<ele>1531.61</ele>
				<time>2025-08-28T10:44:57.572Z</time>
			</trkpt>
			<trkpt lat="45.8026" lon="6.4363">
				<ele>1536.3</ele>
				<time>2025-08-28T10:44:59.329Z</time>
			</trkpt>
			<trkpt lat="45.80251" lon="6.4363">
				<ele>1539.94</ele>
				<time>2025-08-28T10:45:02.091Z</time>
			</trkpt>
			<trkpt lat="45.80218" lon="6.43641">
				<ele>1543.95</ele>
				<time>2025-08-28T10:45:12.488Z</time>
			</trkpt>
			<trkpt lat="45.80199" lon="6.43644">
				<ele>1545.73</ele>
				<time>2025-08-28T10:45:18.354Z</time>
			</trkpt>
			<trkpt lat="45.80186" lon="6.43643">
				<ele>1545.8</ele>
				<time>2025-08-28T10:45:22.349Z</time>
			</trkpt>
			<trkpt lat="45.80157" lon="6.43631">
				<ele>1543.98</ele>
				<time>2025-08-28T10:45:31.612Z</time>
			</trkpt>
			<trkpt lat="45.80126" lon="6.43633">
				<ele>1547.14</ele>
				<time>2025-08-28T10:45:41.135Z</time>
			</trkpt>
			<trkpt lat="45.80113" lon="6.43635">
				<ele>1548.73</ele>
				<time>2025-08-28T10:45:45.148Z</time>
			</trkpt>
			<trkpt lat="45.8008" lon="6.43647">
				<ele>1546.64</ele>
				<time>2025-08-28T10:45:55.595Z</time>
			</trkpt>
			<trkpt lat="45.80052" lon="6.43654">
				<ele>1538.72</ele>
				<time>2025-08-28T10:46:04.318Z</time>
			</trkpt>
			<trkpt lat="45.80032" lon="6.43651">
				<ele>1539.88</ele>
				<time>2025-08-28T10:46:10.489Z</time>
			</trkpt>
			<trkpt lat="45.80006" lon="6.43642">
				<ele>1548.23</ele>
				<time>2025-08-28T10:46:18.697Z</time>
			</trkpt>
			<trkpt lat="45.79986" lon="6.4364">
				<ele>1552.42</ele>
				<time>2025-08-28T10:46:24.849Z</time>
			</trkpt>
			<trkpt lat="45.79971" lon="6.43634">
				<ele>1555.49</ele>
				<time>2025-08-28T10:46:29.628Z</time>
			</trkpt>
			<trkpt lat="45.79953" lon="6.43618">
				<ele>1554.31</ele>
				<time>2025-08-28T10:46:36.127Z</time>
			</trkpt>
			<trkpt lat="45.79949" lon="6.43608">
				<ele>1554.79</ele>
				<time>2025-08-28T10:46:38.593Z</time>
			</trkpt>
			<trkpt lat="45.79928" lon="6.43531">
				<ele>1558.79</ele>
				<time>2025-08-28T10:46:56.283Z</time>
			</trkpt>
			<trkpt lat="45.7992" lon="6.43515">
				<ele>1563.73</ele>
				<time>2025-08-28T10:47:00.495Z</time>
			</trkpt>
			<trkpt lat="45.79908" lon="6.43502">
				<ele>1565.7</ele>
				<time>2025-08-28T10:47:05.110Z</time>
			</trkpt>
			<trkpt lat="45.79892" lon="6.43489">
				<ele>1563.43</ele>
				<time>2025-08-28T10:47:10.753Z</time>
			</trkpt>
			<trkpt lat="45.7988" lon="6.43484">
				<ele>1562.27</ele>
				<time>2025-08-28T10:47:14.588Z</time>
			</trkpt>
			<trkpt lat="45.79834" lon="6.43474">
				<ele>1562.26</ele>
				<time>2025-08-28T10:47:28.865Z</time>
			</trkpt>
			<trkpt lat="45.79811" lon="6.43463">
				<ele>1572.03</ele>
				<time>2025-08-28T10:47:36.305Z</time>
			</trkpt>
			<trkpt lat="45.79754" lon="6.43446">
				<ele>1582.12</ele>
				<time>2025-08-28T10:47:54.171Z</time>
			</trkpt>
			<trkpt lat="45.7974" lon="6.43439">
				<ele>1581.92</ele>
				<time>2025-08-28T10:47:58.720Z</time>
			</trkpt>
			<trkpt lat="45.79719" lon="6.4342">
				<ele>1583.5</ele>
				<time>2025-08-28T10:48:06.340Z</time>
			</trkpt>
			<trkpt lat="45.79709" lon="6.434">
				<ele>1585.9</ele>
				<time>2025-08-28T10:48:11.605Z</time>
			</trkpt>
			<trkpt lat="45.79703" lon="6.43385">
				<ele>1586.92</ele>
				<time>2025-08-28T10:48:15.305Z</time>
			</trkpt>
			<trkpt lat="45.79688" lon="6.43361">
				<ele>1585.1</ele>
				<time>2025-08-28T10:48:22.201Z</time>
			</trkpt>
			<trkpt lat="45.79687" lon="6.43357">
				<ele>1584.39</ele>
				<time>2025-08-28T10:48:23.110Z</time>
			</trkpt>
			<trkpt lat="45.79682" lon="6.4331">
				<ele>1581.98</ele>
				<time>2025-08-28T10:48:33.282Z</time>
			</trkpt>
			<trkpt lat="45.79668" lon="6.43262">
				<ele>1579.27</ele>
				<time>2025-08-28T10:48:44.413Z</time>
			</trkpt>
			<trkpt lat="45.79663" lon="6.43251">
				<ele>1578.87</ele>
				<time>2025-08-28T10:48:47.223Z</time>
			</trkpt>
			<trkpt lat="45.79654" lon="6.43237">
				<ele>1579.44</ele>
				<time>2025-08-28T10:48:51.297Z</time>
			</trkpt>
			<trkpt lat="45.79596" lon="6.43166">
				<ele>1573.91</ele>
				<time>2025-08-28T10:49:05.706Z</time>
			</trkpt>
			<trkpt lat="45.7959" lon="6.43161">
				<ele>1572.08</ele>
				<time>2025-08-28T10:49:06.506Z</time>
			</trkpt>
			<trkpt lat="45.79579" lon="6.43164">
				<ele>1569.06</ele>
				<time>2025-08-28T10:49:07.798Z</time>
			</trkpt>
			<trkpt lat="45.79577" lon="6.43168">
				<ele>1568.31</ele>
				<time>2025-08-28T10:49:08.193Z</time>
			</trkpt>
			<trkpt lat="45.79575" lon="6.43178">
				<ele>1567.99</ele>
				<time>2025-08-28T10:49:09.030Z</time>
			</trkpt>
			<trkpt lat="45.79577" lon="6.43187">
				<ele>1568.97</ele>
				<time>2025-08-28T10:49:09.790Z</time>
			</trkpt>
			<trkpt lat="45.79586" lon="6.43209">
				<ele>1572.3</ele>
				<time>2025-08-28T10:49:11.841Z</time>
			</trkpt>
			<trkpt lat="45.79595" lon="6.43237">
				<ele>1573.58</ele>
				<time>2025-08-28T10:49:14.321Z</time>
			</trkpt>
			<trkpt lat="45.79594" lon="6.43245">
				<ele>1572.84</ele>
				<time>2025-08-28T10:49:14.975Z</time>
			</trkpt>
			<trkpt lat="45.79587" lon="6.43252">
				<ele>1571.37</ele>
				<time>2025-08-28T10:49:15.959Z</time>
			</trkpt>
			<trkpt lat="45.79578" lon="6.43252">
				<ele>1569.78</ele>
				<time>2025-08-28T10:49:16.998Z</time>
			</trkpt>
			<trkpt lat="45.7957" lon="6.43247">
				<ele>1567.78</ele>
				<time>2025-08-28T10:49:18.004Z</time>
			</trkpt>
			<trkpt lat="45.79556" lon="6.43233">
				<ele>1562.55</ele>
				<time>2025-08-28T10:49:19.974Z</time>
			</trkpt>
			<trkpt lat="45.79547" lon="6.43221">
				<ele>1558.24</ele>
				<time>2025-08-28T10:49:21.392Z</time>
			</trkpt>
			<trkpt lat="45.79543" lon="6.43208">
				<ele>1557.14</ele>
				<time>2025-08-28T10:49:22.535Z</time>
			</trkpt>
			<trkpt lat="45.79536" lon="6.43163">
				<ele>1556.68</ele>
				<time>2025-08-28T10:49:26.244Z</time>
			</trkpt>
			<trkpt lat="45.79532" lon="6.43156">
				<ele>1556.14</ele>
				<time>2025-08-28T10:49:26.973Z</time>
			</trkpt>
			<trkpt lat="45.79505" lon="6.4311">
				<ele>1548.51</ele>
				<time>2025-08-28T10:49:31.811Z</time>
			</trkpt>
			<trkpt lat="45.79466" lon="6.43063">
				<ele>1548.57</ele>
				<time>2025-08-28T10:49:37.691Z</time>
			</trkpt>
			<trkpt lat="45.79457" lon="6.43049">
				<ele>1547.7</ele>
				<time>2025-08-28T10:49:39.224Z</time>
			</trkpt>
			<trkpt lat="45.79445" lon="6.43024">
				<ele>1546.28</ele>
				<time>2025-08-28T10:49:41.667Z</time>
			</trkpt>
			<trkpt lat="45.79438" lon="6.43014">
				<ele>1544.49</ele>
				<time>2025-08-28T10:49:42.808Z</time>
			</trkpt>
			<trkpt lat="45.79433" lon="6.43011">
				<ele>1543.07</ele>
				<time>2025-08-28T10:49:43.434Z</time>
			</trkpt>
			<trkpt lat="45.79428" lon="6.43014">
				<ele>1541.53</ele>
				<time>2025-08-28T10:49:44.060Z</time>
			</trkpt>
			<trkpt lat="45.79425" lon="6.43025">
				<ele>1539.94</ele>
				<time>2025-08-28T10:49:45.011Z</time>
			</trkpt>
			<trkpt lat="45.79425" lon="6.43042">
				<ele>1539.17</ele>
				<time>2025-08-28T10:49:46.379Z</time>
			</trkpt>
			<trkpt lat="45.79432" lon="6.43088">
				<ele>1539.05</ele>
				<time>2025-08-28T10:49:50.170Z</time>
			</trkpt>
			<trkpt lat="45.7943" lon="6.43095">
				<ele>1537.99</ele>
				<time>2025-08-28T10:49:50.779Z</time>
			</trkpt>
			<trkpt lat="45.79425" lon="6.43098">
				<ele>1536.96</ele>
				<time>2025-08-28T10:49:51.405Z</time>
			</trkpt>
			<trkpt lat="45.79419" lon="6.43096">
				<ele>1536.09</ele>
				<time>2025-08-28T10:49:52.117Z</time>
			</trkpt>
			<trkpt lat="45.79392" lon="6.4306">
				<ele>1529.49</ele>
				<time>2025-08-28T10:49:56.374Z</time>
			</trkpt>
			<trkpt lat="45.79362" lon="6.43001">
				<ele>1526.23</ele>
				<time>2025-08-28T10:50:02.255Z</time>
			</trkpt>
			<trkpt lat="45.79352" lon="6.42976">
				<ele>1527.27</ele>
				<time>2025-08-28T10:50:04.577Z</time>
			</trkpt>
			<trkpt lat="45.79348" lon="6.42958">
				<ele>1526.22</ele>
				<time>2025-08-28T10:50:06.099Z</time>
			</trkpt>
			<trkpt lat="45.79345" lon="6.42933">
				<ele>1524.47</ele>
				<time>2025-08-28T10:50:08.142Z</time>
			</trkpt>
			<trkpt lat="45.79346" lon="6.42916">
				<ele>1524.68</ele>
				<time>2025-08-28T10:50:09.517Z</time>
			</trkpt>
			<trkpt lat="45.79352" lon="6.42872">
				<ele>1524.77</ele>
				<time>2025-08-28T10:50:13.129Z</time>
			</trkpt>
			<trkpt lat="45.7936" lon="6.42828">
				<ele>1520.11</ele>
				<time>2025-08-28T10:50:16.792Z</time>
			</trkpt>
			<trkpt lat="45.79381" lon="6.42738">
				<ele>1514.39</ele>
				<time>2025-08-28T10:50:24.440Z</time>
			</trkpt>
			<trkpt lat="45.79385" lon="6.42712">
				<ele>1512.96</ele>
				<time>2025-08-28T10:50:26.586Z</time>
			</trkpt>
			<trkpt lat="45.79383" lon="6.42692">
				<ele>1511.83</ele>
				<time>2025-08-28T10:50:28.215Z</time>
			</trkpt>
			<trkpt lat="45.79376" lon="6.42674">
				<ele>1511.26</ele>
				<time>2025-08-28T10:50:29.876Z</time>
			</trkpt>
			<trkpt lat="45.7937" lon="6.42664">
				<ele>1510.83</ele>
				<time>2025-08-28T10:50:30.939Z</time>
			</trkpt>
			<trkpt lat="45.79358" lon="6.4265">
				<ele>1510.5</ele>
				<time>2025-08-28T10:50:32.727Z</time>
			</trkpt>
			<trkpt lat="45.7934" lon="6.4264">
				<ele>1509.6</ele>
				<time>2025-08-28T10:50:34.959Z</time>
			</trkpt>
			<trkpt lat="45.79335" lon="6.42635">
				<ele>1509.22</ele>
				<time>2025-08-28T10:50:35.664Z</time>
			</trkpt>
			<trkpt lat="45.79304" lon="6.42591">
				<ele>1504.05</ele>
				<time>2025-08-28T10:50:40.707Z</time>
			</trkpt>
			<trkpt lat="45.7924" lon="6.42508">
				<ele>1497.67</ele>
				<time>2025-08-28T10:50:50.686Z</time>
			</trkpt>
			<trkpt lat="45.79202" lon="6.42447">
				<ele>1496.97</ele>
				<time>2025-08-28T10:50:57.283Z</time>
			</trkpt>
			<trkpt lat="45.79194" lon="6.42441">
				<ele>1496.31</ele>
				<time>2025-08-28T10:50:58.327Z</time>
			</trkpt>
			<trkpt lat="45.79187" lon="6.42441">
				<ele>1494.33</ele>
				<time>2025-08-28T10:50:59.137Z</time>
			</trkpt>
			<trkpt lat="45.79182" lon="6.42446">
				<ele>1492.26</ele>
				<time>2025-08-28T10:50:59.842Z</time>
			</trkpt>
			<trkpt lat="45.7918" lon="6.42461">
				<ele>1489.76</ele>
				<time>2025-08-28T10:51:01.074Z</time>
			</trkpt>
			<trkpt lat="45.7918" lon="6.42497">
				<ele>1484.68</ele>
				<time>2025-08-28T10:51:03.978Z</time>
			</trkpt>
			<trkpt lat="45.79176" lon="6.42578">
				<ele>1474.86</ele>
				<time>2025-08-28T10:51:10.529Z</time>
			</trkpt>
			<trkpt lat="45.79178" lon="6.4263">
				<ele>1471.56</ele>
				<time>2025-08-28T10:51:14.732Z</time>
			</trkpt>
			<trkpt lat="45.79175" lon="6.4264">
				<ele>1470.27</ele>
				<time>2025-08-28T10:51:15.610Z</time>
			</trkpt>
			<trkpt lat="45.79173" lon="6.42643">
				<ele>1469.77</ele>
				<time>2025-08-28T10:51:15.945Z</time>
			</trkpt>
			<trkpt lat="45.79168" lon="6.42645">
				<ele>1468.36</ele>
				<time>2025-08-28T10:51:16.546Z</time>
			</trkpt>
			<trkpt lat="45.79159" lon="6.42638">
				<ele>1466.2</ele>
				<time>2025-08-28T10:51:17.731Z</time>
			</trkpt>
			<trkpt lat="45.79145" lon="6.42618">
				<ele>1465.35</ele>
				<time>2025-08-28T10:51:20.018Z</time>
			</trkpt>
			<trkpt lat="45.79122" lon="6.42593">
				<ele>1461.84</ele>
				<time>2025-08-28T10:51:23.358Z</time>
			</trkpt>
			<trkpt lat="45.7911" lon="6.42578">
				<ele>1459.98</ele>
				<time>2025-08-28T10:51:25.201Z</time>
			</trkpt>
			<trkpt lat="45.79097" lon="6.42555">
				<ele>1457.98</ele>
				<time>2025-08-28T10:51:27.590Z</time>
			</trkpt>
			<trkpt lat="45.79084" lon="6.4253">
				<ele>1454.36</ele>
				<time>2025-08-28T10:51:30.108Z</time>
			</trkpt>
			<trkpt lat="45.79067" lon="6.42457">
				<ele>1450.69</ele>
				<time>2025-08-28T10:51:36.321Z</time>
			</trkpt>
			<trkpt lat="45.79048" lon="6.42388">
				<ele>1446.53</ele>
				<time>2025-08-28T10:51:42.310Z</time>
			</trkpt>
			<trkpt lat="45.79043" lon="6.42352">
				<ele>1449.17</ele>
				<time>2025-08-28T10:51:45.274Z</time>
			</trkpt>
			<trkpt lat="45.79042" lon="6.42315">
				<ele>1453.4</ele>
				<time>2025-08-28T10:51:48.264Z</time>
			</trkpt>
			<trkpt lat="45.79039" lon="6.42305">
				<ele>1453.35</ele>
				<time>2025-08-28T10:51:49.143Z</time>
			</trkpt>
			<trkpt lat="45.79033" lon="6.423">
				<ele>1451.38</ele>
				<time>2025-08-28T10:51:49.947Z</time>
			</trkpt>
			<trkpt lat="45.79027" lon="6.42299">
				<ele>1449.2</ele>
				<time>2025-08-28T10:51:50.647Z</time>
			</trkpt>
			<trkpt lat="45.79019" lon="6.42303">
				<ele>1444.8</ele>
				<time>2025-08-28T10:51:51.628Z</time>
			</trkpt>
			<trkpt lat="45.79014" lon="6.42308">
				<ele>1441.89</ele>
				<time>2025-08-28T10:51:52.334Z</time>
			</trkpt>
			<trkpt lat="45.7899" lon="6.42368">
				<ele>1433.73</ele>
				<time>2025-08-28T10:51:57.921Z</time>
			</trkpt>
			<trkpt lat="45.78983" lon="6.42407">
				<ele>1431.26</ele>
				<time>2025-08-28T10:52:01.173Z</time>
			</trkpt>
			<trkpt lat="45.78977" lon="6.42413">
				<ele>1429.53</ele>
				<time>2025-08-28T10:52:02.021Z</time>
			</trkpt>
			<trkpt lat="45.78973" lon="6.42415">
				<ele>1428.26</ele>
				<time>2025-08-28T10:52:02.511Z</time>
			</trkpt>
			<trkpt lat="45.78965" lon="6.42409">
				<ele>1426.25</ele>
				<time>2025-08-28T10:52:03.557Z</time>
			</trkpt>
			<trkpt lat="45.7896" lon="6.42397">
				<ele>1424.76</ele>
				<time>2025-08-28T10:52:04.687Z</time>
			</trkpt>
			<trkpt lat="45.78956" lon="6.4236">
				<ele>1423.4</ele>
				<time>2025-08-28T10:52:07.711Z</time>
			</trkpt>
			<trkpt lat="45.78956" lon="6.4233">
				<ele>1421.71</ele>
				<time>2025-08-28T10:52:10.135Z</time>
			</trkpt>
			<trkpt lat="45.78955" lon="6.42324">
				<ele>1420.93</ele>
				<time>2025-08-28T10:52:10.633Z</time>
			</trkpt>
			<trkpt lat="45.7895" lon="6.42318">
				<ele>1418.91</ele>
				<time>2025-08-28T10:52:11.389Z</time>
			</trkpt>
			<trkpt lat="45.78943" lon="6.42317">
				<ele>1416.59</ele>
				<time>2025-08-28T10:52:12.204Z</time>
			</trkpt>
			<trkpt lat="45.78936" lon="6.4232">
				<ele>1415.41</ele>
				<time>2025-08-28T10:52:13.050Z</time>
			</trkpt>
			<trkpt lat="45.78933" lon="6.42325">
				<ele>1415</ele>
				<time>2025-08-28T10:52:13.583Z</time>
			</trkpt>
			<trkpt lat="45.78926" lon="6.42345">
				<ele>1414.75</ele>
				<time>2025-08-28T10:52:15.391Z</time>
			</trkpt>
			<trkpt lat="45.78924" lon="6.42361">
				<ele>1415.4</ele>
				<time>2025-08-28T10:52:16.705Z</time>
			</trkpt>
			<trkpt lat="45.78925" lon="6.42396">
				<ele>1417.92</ele>
				<time>2025-08-28T10:52:19.535Z</time>
			</trkpt>
			<trkpt lat="45.78924" lon="6.42414">
				<ele>1420.01</ele>
				<time>2025-08-28T10:52:20.994Z</time>
			</trkpt>
			<trkpt lat="45.7892" lon="6.42425">
				<ele>1420.57</ele>
				<time>2025-08-28T10:52:21.997Z</time>
			</trkpt>
			<trkpt lat="45.78913" lon="6.42432">
				<ele>1419.63</ele>
				<time>2025-08-28T10:52:22.986Z</time>
			</trkpt>
			<trkpt lat="45.78906" lon="6.42432">
				<ele>1417.1</ele>
				<time>2025-08-28T10:52:23.797Z</time>
			</trkpt>
			<trkpt lat="45.78897" lon="6.42421">
				<ele>1414.83</ele>
				<time>2025-08-28T10:52:25.168Z</time>
			</trkpt>
			<trkpt lat="45.78881" lon="6.42375">
				<ele>1411.52</ele>
				<time>2025-08-28T10:52:29.322Z</time>
			</trkpt>
			<trkpt lat="45.78875" lon="6.42352">
				<ele>1410.19</ele>
				<time>2025-08-28T10:52:31.307Z</time>
			</trkpt>
			<trkpt lat="45.78873" lon="6.42333">
				<ele>1409.71</ele>
				<time>2025-08-28T10:52:32.860Z</time>
			</trkpt>
			<trkpt lat="45.78874" lon="6.42316">
				<ele>1408.63</ele>
				<time>2025-08-28T10:52:34.239Z</time>
			</trkpt>
			<trkpt lat="45.78907" lon="6.42168">
				<ele>1399.94</ele>
				<time>2025-08-28T10:52:46.800Z</time>
			</trkpt>
			<trkpt lat="45.78911" lon="6.42157">
				<ele>1402.46</ele>
				<time>2025-08-28T10:52:47.803Z</time>
			</trkpt>
			<trkpt lat="45.78926" lon="6.42132">
				<ele>1411.06</ele>
				<time>2025-08-28T10:52:50.470Z</time>
			</trkpt>
			<trkpt lat="45.78927" lon="6.42125">
				<ele>1412.7</ele>
				<time>2025-08-28T10:52:51.047Z</time>
			</trkpt>
			<trkpt lat="45.78928" lon="6.4212">
				<ele>1413.73</ele>
				<time>2025-08-28T10:52:51.468Z</time>
			</trkpt>
			<trkpt lat="45.78926" lon="6.42109">
				<ele>1414.35</ele>
				<time>2025-08-28T10:52:52.387Z</time>
			</trkpt>
			<trkpt lat="45.78919" lon="6.42103">
				<ele>1412.57</ele>
				<time>2025-08-28T10:52:53.333Z</time>
			</trkpt>
			<trkpt lat="45.78915" lon="6.42102">
				<ele>1410.89</ele>
				<time>2025-08-28T10:52:53.803Z</time>
			</trkpt>
			<trkpt lat="45.78902" lon="6.4211">
				<ele>1402.05</ele>
				<time>2025-08-28T10:52:55.444Z</time>
			</trkpt>
			<trkpt lat="45.78883" lon="6.42134">
				<ele>1389.51</ele>
				<time>2025-08-28T10:52:58.380Z</time>
			</trkpt>
			<trkpt lat="45.78848" lon="6.42196">
				<ele>1385.58</ele>
				<time>2025-08-28T10:53:04.831Z</time>
			</trkpt>
			<trkpt lat="45.78822" lon="6.42228">
				<ele>1386.29</ele>
				<time>2025-08-28T10:53:08.805Z</time>
			</trkpt>
			<trkpt lat="45.78813" lon="6.42243">
				<ele>1385.81</ele>
				<time>2025-08-28T10:53:10.405Z</time>
			</trkpt>
			<trkpt lat="45.78808" lon="6.42254">
				<ele>1385.68</ele>
				<time>2025-08-28T10:53:11.468Z</time>
			</trkpt>
			<trkpt lat="45.78798" lon="6.42292">
				<ele>1386.83</ele>
				<time>2025-08-28T10:53:14.753Z</time>
			</trkpt>
			<trkpt lat="45.78796" lon="6.42305">
				<ele>1387.18</ele>
				<time>2025-08-28T10:53:15.830Z</time>
			</trkpt>
			<trkpt lat="45.78799" lon="6.42346">
				<ele>1388.64</ele>
				<time>2025-08-28T10:53:19.164Z</time>
			</trkpt>
			<trkpt lat="45.78798" lon="6.42352">
				<ele>1388.16</ele>
				<time>2025-08-28T10:53:19.663Z</time>
			</trkpt>
			<trkpt lat="45.78793" lon="6.42364">
				<ele>1385.58</ele>
				<time>2025-08-28T10:53:20.794Z</time>
			</trkpt>
			<trkpt lat="45.78789" lon="6.42369">
				<ele>1383.71</ele>
				<time>2025-08-28T10:53:21.410Z</time>
			</trkpt>
			<trkpt lat="45.78783" lon="6.42372">
				<ele>1380.96</ele>
				<time>2025-08-28T10:53:22.147Z</time>
			</trkpt>
			<trkpt lat="45.78772" lon="6.42371">
				<ele>1375.71</ele>
				<time>2025-08-28T10:53:23.426Z</time>
			</trkpt>
			<trkpt lat="45.78768" lon="6.42369">
				<ele>1373.9</ele>
				<time>2025-08-28T10:53:23.917Z</time>
			</trkpt>
			<trkpt lat="45.78764" lon="6.42362">
				<ele>1372.08</ele>
				<time>2025-08-28T10:53:24.649Z</time>
			</trkpt>
			<trkpt lat="45.78755" lon="6.42337">
				<ele>1370.23</ele>
				<time>2025-08-28T10:53:26.926Z</time>
			</trkpt>
			<trkpt lat="45.78753" lon="6.42308">
				<ele>1371.36</ele>
				<time>2025-08-28T10:53:29.283Z</time>
			</trkpt>
			<trkpt lat="45.78758" lon="6.42254">
				<ele>1374.89</ele>
				<time>2025-08-28T10:53:33.691Z</time>
			</trkpt>
			<trkpt lat="45.78765" lon="6.4222">
				<ele>1374.99</ele>
				<time>2025-08-28T10:53:36.560Z</time>
			</trkpt>
			<trkpt lat="45.78781" lon="6.4215">
				<ele>1372.1</ele>
				<time>2025-08-28T10:53:42.521Z</time>
			</trkpt>
			<trkpt lat="45.78805" lon="6.42018">
				<ele>1370.32</ele>
				<time>2025-08-28T10:53:53.561Z</time>
			</trkpt>
			<trkpt lat="45.78811" lon="6.41974">
				<ele>1368.2</ele>
				<time>2025-08-28T10:53:57.189Z</time>
			</trkpt>
			<trkpt lat="45.78811" lon="6.41936">
				<ele>1366.58</ele>
				<time>2025-08-28T10:54:00.265Z</time>
			</trkpt>
			<trkpt lat="45.78799" lon="6.41874">
				<ele>1363.08</ele>
				<time>2025-08-28T10:54:05.474Z</time>
			</trkpt>
			<trkpt lat="45.7879" lon="6.41849">
				<ele>1359.88</ele>
				<time>2025-08-28T10:54:07.751Z</time>
			</trkpt>
			<trkpt lat="45.78783" lon="6.4184">
				<ele>1358.23</ele>
				<time>2025-08-28T10:54:08.843Z</time>
			</trkpt>
			<trkpt lat="45.78774" lon="6.4184">
				<ele>1356.52</ele>
				<time>2025-08-28T10:54:09.888Z</time>
			</trkpt>
			<trkpt lat="45.7877" lon="6.41844">
				<ele>1355.64</ele>
				<time>2025-08-28T10:54:10.454Z</time>
			</trkpt>
			<trkpt lat="45.78767" lon="6.4185">
				<ele>1355.06</ele>
				<time>2025-08-28T10:54:11.052Z</time>
			</trkpt>
			<trkpt lat="45.78762" lon="6.41895">
				<ele>1355.39</ele>
				<time>2025-08-28T10:54:14.741Z</time>
			</trkpt>
			<trkpt lat="45.78756" lon="6.41918">
				<ele>1354.56</ele>
				<time>2025-08-28T10:54:16.729Z</time>
			</trkpt>
			<trkpt lat="45.78715" lon="6.41953">
				<ele>1344.85</ele>
				<time>2025-08-28T10:54:22.269Z</time>
			</trkpt>
			<trkpt lat="45.78698" lon="6.41962">
				<ele>1341.83</ele>
				<time>2025-08-28T10:54:24.373Z</time>
			</trkpt>
			<trkpt lat="45.78691" lon="6.41967">
				<ele>1340.72</ele>
				<time>2025-08-28T10:54:25.281Z</time>
			</trkpt>
			<trkpt lat="45.78682" lon="6.41978">
				<ele>1340.69</ele>
				<time>2025-08-28T10:54:26.655Z</time>
			</trkpt>
			<trkpt lat="45.78657" lon="6.42033">
				<ele>1340.83</ele>
				<time>2025-08-28T10:54:31.971Z</time>
			</trkpt>
			<trkpt lat="45.78649" lon="6.42048">
				<ele>1339.94</ele>
				<time>2025-08-28T10:54:33.500Z</time>
			</trkpt>
			<trkpt lat="45.78639" lon="6.42061">
				<ele>1338.47</ele>
				<time>2025-08-28T10:54:35.068Z</time>
			</trkpt>
			<trkpt lat="45.78626" lon="6.42072">
				<ele>1334.51</ele>
				<time>2025-08-28T10:54:36.821Z</time>
			</trkpt>
			<trkpt lat="45.78619" lon="6.42081">
				<ele>1332.64</ele>
				<time>2025-08-28T10:54:37.913Z</time>
			</trkpt>
			<trkpt lat="45.78616" lon="6.42098">
				<ele>1331.88</ele>
				<time>2025-08-28T10:54:39.333Z</time>
			</trkpt>
			<trkpt lat="45.78627" lon="6.42134">
				<ele>1335.02</ele>
				<time>2025-08-28T10:54:42.516Z</time>
			</trkpt>
			<trkpt lat="45.78625" lon="6.42142">
				<ele>1334.09</ele>
				<time>2025-08-28T10:54:43.205Z</time>
			</trkpt>
			<trkpt lat="45.78621" lon="6.42146">
				<ele>1332.72</ele>
				<time>2025-08-28T10:54:43.771Z</time>
			</trkpt>
			<trkpt lat="45.78616" lon="6.42147">
				<ele>1330.9</ele>
				<time>2025-08-28T10:54:44.357Z</time>
			</trkpt>
			<trkpt lat="45.7861" lon="6.42146">
				<ele>1328.74</ele>
				<time>2025-08-28T10:54:45.059Z</time>
			</trkpt>
			<trkpt lat="45.78604" lon="6.42139">
				<ele>1327.11</ele>
				<time>2025-08-28T10:54:45.957Z</time>
			</trkpt>
			<trkpt lat="45.78597" lon="6.42097">
				<ele>1326.67</ele>
				<time>2025-08-28T10:54:49.455Z</time>
			</trkpt>
			<trkpt lat="45.78599" lon="6.42028">
				<ele>1323.08</ele>
				<time>2025-08-28T10:54:55.049Z</time>
			</trkpt>
			<trkpt lat="45.7863" lon="6.41886">
				<ele>1319.09</ele>
				<time>2025-08-28T10:55:07.103Z</time>
			</trkpt>
			<trkpt lat="45.78628" lon="6.41835">
				<ele>1311.2</ele>
				<time>2025-08-28T10:55:11.242Z</time>
			</trkpt>
			<trkpt lat="45.78621" lon="6.41791">
				<ele>1309.02</ele>
				<time>2025-08-28T10:55:14.898Z</time>
			</trkpt>
			<trkpt lat="45.78603" lon="6.4173">
				<ele>1302.08</ele>
				<time>2025-08-28T10:55:20.265Z</time>
			</trkpt>
			<trkpt lat="45.786" lon="6.41687">
				<ele>1301.54</ele>
				<time>2025-08-28T10:55:23.767Z</time>
			</trkpt>
			<trkpt lat="45.78612" lon="6.4163">
				<ele>1301.27</ele>
				<time>2025-08-28T10:55:28.591Z</time>
			</trkpt>
			<trkpt lat="45.78623" lon="6.41591">
				<ele>1303.24</ele>
				<time>2025-08-28T10:55:32.000Z</time>
			</trkpt>
			<trkpt lat="45.78623" lon="6.41576">
				<ele>1303.2</ele>
				<time>2025-08-28T10:55:33.216Z</time>
			</trkpt>
			<trkpt lat="45.78618" lon="6.41566">
				<ele>1302.27</ele>
				<time>2025-08-28T10:55:34.213Z</time>
			</trkpt>
			<trkpt lat="45.78614" lon="6.41564">
				<ele>1301.51</ele>
				<time>2025-08-28T10:55:34.706Z</time>
			</trkpt>
			<trkpt lat="45.78606" lon="6.41564">
				<ele>1298.78</ele>
				<time>2025-08-28T10:55:35.635Z</time>
			</trkpt>
			<trkpt lat="45.786" lon="6.41571">
				<ele>1296.39</ele>
				<time>2025-08-28T10:55:36.534Z</time>
			</trkpt>
			<trkpt lat="45.78569" lon="6.41624">
				<ele>1286.93</ele>
				<time>2025-08-28T10:55:42.140Z</time>
			</trkpt>
			<trkpt lat="45.78532" lon="6.41679">
				<ele>1284.48</ele>
				<time>2025-08-28T10:55:48.334Z</time>
			</trkpt>
			<trkpt lat="45.78518" lon="6.41691">
				<ele>1280.46</ele>
				<time>2025-08-28T10:55:50.230Z</time>
			</trkpt>
			<trkpt lat="45.78498" lon="6.41699">
				<ele>1271.72</ele>
				<time>2025-08-28T10:55:52.643Z</time>
			</trkpt>
			<trkpt lat="45.78494" lon="6.41704">
				<ele>1270.96</ele>
				<time>2025-08-28T10:55:53.260Z</time>
			</trkpt>
			<trkpt lat="45.78488" lon="6.41718">
				<ele>1269.91</ele>
				<time>2025-08-28T10:55:54.592Z</time>
			</trkpt>
			<trkpt lat="45.78479" lon="6.41751">
				<ele>1269.42</ele>
				<time>2025-08-28T10:55:57.464Z</time>
			</trkpt>
			<trkpt lat="45.78476" lon="6.41767">
				<ele>1270.58</ele>
				<time>2025-08-28T10:55:58.807Z</time>
			</trkpt>
			<trkpt lat="45.78474" lon="6.41807">
				<ele>1276.25</ele>
				<time>2025-08-28T10:56:02.057Z</time>
			</trkpt>
			<trkpt lat="45.78441" lon="6.419">
				<ele>1264.51</ele>
				<time>2025-08-28T10:56:10.516Z</time>
			</trkpt>
			<trkpt lat="45.78439" lon="6.41923">
				<ele>1265.33</ele>
				<time>2025-08-28T10:56:12.395Z</time>
			</trkpt>
			<trkpt lat="45.78442" lon="6.4197">
				<ele>1269.91</ele>
				<time>2025-08-28T10:56:16.221Z</time>
			</trkpt>
			<trkpt lat="45.7845" lon="6.42028">
				<ele>1271.62</ele>
				<time>2025-08-28T10:56:21.015Z</time>
			</trkpt>
			<trkpt lat="45.78436" lon="6.42106">
				<ele>1249.51</ele>
				<time>2025-08-28T10:56:27.544Z</time>
			</trkpt>
			<trkpt lat="45.78432" lon="6.42121">
				<ele>1248.04</ele>
				<time>2025-08-28T10:56:28.846Z</time>
			</trkpt>
			<trkpt lat="45.78429" lon="6.42124">
				<ele>1246.91</ele>
				<time>2025-08-28T10:56:29.272Z</time>
			</trkpt>
			<trkpt lat="45.78424" lon="6.42125">
				<ele>1245.16</ele>
				<time>2025-08-28T10:56:29.859Z</time>
			</trkpt>
			<trkpt lat="45.78421" lon="6.42121">
				<ele>1243.93</ele>
				<time>2025-08-28T10:56:30.335Z</time>
			</trkpt>
			<trkpt lat="45.78419" lon="6.42115">
				<ele>1243.12</ele>
				<time>2025-08-28T10:56:30.874Z</time>
			</trkpt>
			<trkpt lat="45.7842" lon="6.42103">
				<ele>1244.02</ele>
				<time>2025-08-28T10:56:31.854Z</time>
			</trkpt>
			<trkpt lat="45.78433" lon="6.4205">
				<ele>1257.88</ele>
				<time>2025-08-28T10:56:36.409Z</time>
			</trkpt>
			<trkpt lat="45.78433" lon="6.42026">
				<ele>1263.09</ele>
				<time>2025-08-28T10:56:38.355Z</time>
			</trkpt>
			<trkpt lat="45.78421" lon="6.41986">
				<ele>1257.69</ele>
				<time>2025-08-28T10:56:41.886Z</time>
			</trkpt>
			<trkpt lat="45.78384" lon="6.41911">
				<ele>1242.4</ele>
				<time>2025-08-28T10:56:49.335Z</time>
			</trkpt>
			<trkpt lat="45.78347" lon="6.41855">
				<ele>1232.19</ele>
				<time>2025-08-28T10:56:55.591Z</time>
			</trkpt>
			<trkpt lat="45.78333" lon="6.41838">
				<ele>1226.18</ele>
				<time>2025-08-28T10:56:57.724Z</time>
			</trkpt>
			<trkpt lat="45.78325" lon="6.41831">
				<ele>1225.29</ele>
				<time>2025-08-28T10:56:58.814Z</time>
			</trkpt>
			<trkpt lat="45.78303" lon="6.41821">
				<ele>1223.73</ele>
				<time>2025-08-28T10:57:01.497Z</time>
			</trkpt>
			<trkpt lat="45.78288" lon="6.41818">
				<ele>1219.92</ele>
				<time>2025-08-28T10:57:03.259Z</time>
			</trkpt>
			<trkpt lat="45.78277" lon="6.41814">
				<ele>1217.97</ele>
				<time>2025-08-28T10:57:04.578Z</time>
			</trkpt>
			<trkpt lat="45.78254" lon="6.41795">
				<ele>1215.57</ele>
				<time>2025-08-28T10:57:07.665Z</time>
			</trkpt>
			<trkpt lat="45.78241" lon="6.41778">
				<ele>1216.3</ele>
				<time>2025-08-28T10:57:09.711Z</time>
			</trkpt>
			<trkpt lat="45.78227" lon="6.41752">
				<ele>1216.2</ele>
				<time>2025-08-28T10:57:12.375Z</time>
			</trkpt>
			<trkpt lat="45.78218" lon="6.41742">
				<ele>1213.26</ele>
				<time>2025-08-28T10:57:13.699Z</time>
			</trkpt>
			<trkpt lat="45.78214" lon="6.41724">
				<ele>1212.59</ele>
				<time>2025-08-28T10:57:15.231Z</time>
			</trkpt>
			<trkpt lat="45.7822" lon="6.41676">
				<ele>1213.96</ele>
				<time>2025-08-28T10:57:19.186Z</time>
			</trkpt>
			<trkpt lat="45.78217" lon="6.41658">
				<ele>1210.76</ele>
				<time>2025-08-28T10:57:20.687Z</time>
			</trkpt>
			<trkpt lat="45.78218" lon="6.41621">
				<ele>1205.75</ele>
				<time>2025-08-28T10:57:23.690Z</time>
			</trkpt>
			<trkpt lat="45.78229" lon="6.41596">
				<ele>1204.92</ele>
				<time>2025-08-28T10:57:26.087Z</time>
			</trkpt>
			<trkpt lat="45.78347" lon="6.41464">
				<ele>1204.88</ele>
				<time>2025-08-28T10:57:43.493Z</time>
			</trkpt>
			<trkpt lat="45.78355" lon="6.41451">
				<ele>1201.17</ele>
				<time>2025-08-28T10:57:44.899Z</time>
			</trkpt>
			<trkpt lat="45.78356" lon="6.41447">
				<ele>1200.02</ele>
				<time>2025-08-28T10:57:45.244Z</time>
			</trkpt>
			<trkpt lat="45.78356" lon="6.41442">
				<ele>1198.59</ele>
				<time>2025-08-28T10:57:45.649Z</time>
			</trkpt>
			<trkpt lat="45.78353" lon="6.41438">
				<ele>1196.32</ele>
				<time>2025-08-28T10:57:46.126Z</time>
			</trkpt>
			<trkpt lat="45.78349" lon="6.41438">
				<ele>1195.32</ele>
				<time>2025-08-28T10:57:46.591Z</time>
			</trkpt>
			<trkpt lat="45.78346" lon="6.41441">
				<ele>1195.89</ele>
				<time>2025-08-28T10:57:47.016Z</time>
			</trkpt>
			<trkpt lat="45.78336" lon="6.41458">
				<ele>1201.35</ele>
				<time>2025-08-28T10:57:48.820Z</time>
			</trkpt>
			<trkpt lat="45.78284" lon="6.41477">
				<ele>1187.93</ele>
				<time>2025-08-28T10:57:55.062Z</time>
			</trkpt>
			<trkpt lat="45.78197" lon="6.41529">
				<ele>1180.98</ele>
				<time>2025-08-28T10:58:06.024Z</time>
			</trkpt>
			<trkpt lat="45.78177" lon="6.41563">
				<ele>1177.61</ele>
				<time>2025-08-28T10:58:09.632Z</time>
			</trkpt>
			<trkpt lat="45.78175" lon="6.41575">
				<ele>1178.26</ele>
				<time>2025-08-28T10:58:10.633Z</time>
			</trkpt>
			<trkpt lat="45.78174" lon="6.41603">
				<ele>1181.72</ele>
				<time>2025-08-28T10:58:12.907Z</time>
			</trkpt>
			<trkpt lat="45.78154" lon="6.41694">
				<ele>1172.27</ele>
				<time>2025-08-28T10:58:20.647Z</time>
			</trkpt>
			<trkpt lat="45.78147" lon="6.41753">
				<ele>1170.22</ele>
				<time>2025-08-28T10:58:25.501Z</time>
			</trkpt>
			<trkpt lat="45.78148" lon="6.41823">
				<ele>1164.86</ele>
				<time>2025-08-28T10:58:31.181Z</time>
			</trkpt>
			<trkpt lat="45.78151" lon="6.41841">
				<ele>1162.87</ele>
				<time>2025-08-28T10:58:32.682Z</time>
			</trkpt>
			<trkpt lat="45.78162" lon="6.41883">
				<ele>1158.51</ele>
				<time>2025-08-28T10:58:36.321Z</time>
			</trkpt>
			<trkpt lat="45.78175" lon="6.41948">
				<ele>1149.88</ele>
				<time>2025-08-28T10:58:41.806Z</time>
			</trkpt>
			<trkpt lat="45.78175" lon="6.41954">
				<ele>1149.05</ele>
				<time>2025-08-28T10:58:42.293Z</time>
			</trkpt>
			<trkpt lat="45.78173" lon="6.41962">
				<ele>1146.64</ele>
				<time>2025-08-28T10:58:42.982Z</time>
			</trkpt>
			<trkpt lat="45.78171" lon="6.41964">
				<ele>1145.19</ele>
				<time>2025-08-28T10:58:43.266Z</time>
			</trkpt>
			<trkpt lat="45.78166" lon="6.41964">
				<ele>1143.1</ele>
				<time>2025-08-28T10:58:43.848Z</time>
			</trkpt>
			<trkpt lat="45.78159" lon="6.41951">
				<ele>1141.57</ele>
				<time>2025-08-28T10:58:45.180Z</time>
			</trkpt>
			<trkpt lat="45.78132" lon="6.4187">
				<ele>1147.6</ele>
				<time>2025-08-28T10:58:52.462Z</time>
			</trkpt>
			<trkpt lat="45.78124" lon="6.41854">
				<ele>1146.1</ele>
				<time>2025-08-28T10:58:54.059Z</time>
			</trkpt>
			<trkpt lat="45.78092" lon="6.418">
				<ele>1132.6</ele>
				<time>2025-08-28T10:58:59.808Z</time>
			</trkpt>
			<trkpt lat="45.78081" lon="6.41768">
				<ele>1130.95</ele>
				<time>2025-08-28T10:59:02.701Z</time>
			</trkpt>
			<trkpt lat="45.7808" lon="6.41754">
				<ele>1131.55</ele>
				<time>2025-08-28T10:59:03.843Z</time>
			</trkpt>
			<trkpt lat="45.78075" lon="6.41727">
				<ele>1130.07</ele>
				<time>2025-08-28T10:59:06.109Z</time>
			</trkpt>
			<trkpt lat="45.78059" lon="6.41696">
				<ele>1120.88</ele>
				<time>2025-08-28T10:59:09.237Z</time>
			</trkpt>
			<trkpt lat="45.78053" lon="6.41672">
				<ele>1115.1</ele>
				<time>2025-08-28T10:59:11.306Z</time>
			</trkpt>
			<trkpt lat="45.78054" lon="6.41661">
				<ele>1113.81</ele>
				<time>2025-08-28T10:59:12.205Z</time>
			</trkpt>
			<trkpt lat="45.78056" lon="6.41655">
				<ele>1113.77</ele>
				<time>2025-08-28T10:59:12.745Z</time>
			</trkpt>
			<trkpt lat="45.78077" lon="6.41627">
				<ele>1118.61</ele>
				<time>2025-08-28T10:59:16.080Z</time>
			</trkpt>
			<trkpt lat="45.78085" lon="6.41606">
				<ele>1118.06</ele>
				<time>2025-08-28T10:59:18.021Z</time>
			</trkpt>
			<trkpt lat="45.78085" lon="6.41601">
				<ele>1117.11</ele>
				<time>2025-08-28T10:59:18.427Z</time>
			</trkpt>
			<trkpt lat="45.78082" lon="6.416">
				<ele>1115.14</ele>
				<time>2025-08-28T10:59:18.785Z</time>
			</trkpt>
			<trkpt lat="45.78073" lon="6.41601">
				<ele>1111.11</ele>
				<time>2025-08-28T10:59:19.835Z</time>
			</trkpt>
			<trkpt lat="45.78061" lon="6.41617">
				<ele>1109.29</ele>
				<time>2025-08-28T10:59:21.741Z</time>
			</trkpt>
			<trkpt lat="45.78038" lon="6.41642">
				<ele>1106.04</ele>
				<time>2025-08-28T10:59:25.098Z</time>
			</trkpt>
			<trkpt lat="45.78019" lon="6.41696">
				<ele>1103.03</ele>
				<time>2025-08-28T10:59:30.004Z</time>
			</trkpt>
			<trkpt lat="45.78017" lon="6.41729">
				<ele>1101.1</ele>
				<time>2025-08-28T10:59:32.691Z</time>
			</trkpt>
			<trkpt lat="45.78025" lon="6.41787">
				<ele>1103.69</ele>
				<time>2025-08-28T10:59:37.486Z</time>
			</trkpt>
			<trkpt lat="45.78021" lon="6.41825">
				<ele>1100.41</ele>
				<time>2025-08-28T10:59:40.604Z</time>
			</trkpt>
			<trkpt lat="45.78021" lon="6.41846">
				<ele>1098.62</ele>
				<time>2025-08-28T10:59:42.307Z</time>
			</trkpt>
			<trkpt lat="45.78023" lon="6.41863">
				<ele>1097.8</ele>
				<time>2025-08-28T10:59:43.705Z</time>
			</trkpt>
			<trkpt lat="45.78021" lon="6.41873">
				<ele>1095.74</ele>
				<time>2025-08-28T10:59:44.549Z</time>
			</trkpt>
			<trkpt lat="45.78015" lon="6.41874">
				<ele>1092.93</ele>
				<time>2025-08-28T10:59:45.252Z</time>
			</trkpt>
			<trkpt lat="45.78011" lon="6.4187">
				<ele>1091.49</ele>
				<time>2025-08-28T10:59:45.819Z</time>
			</trkpt>
			<trkpt lat="45.78008" lon="6.41864">
				<ele>1090.52</ele>
				<time>2025-08-28T10:59:46.418Z</time>
			</trkpt>
			<trkpt lat="45.77998" lon="6.41824">
				<ele>1090.19</ele>
				<time>2025-08-28T10:59:49.864Z</time>
			</trkpt>
			<trkpt lat="45.7798" lon="6.41786">
				<ele>1085.94</ele>
				<time>2025-08-28T10:59:53.590Z</time>
			</trkpt>
			<trkpt lat="45.77976" lon="6.41765">
				<ele>1084.89</ele>
				<time>2025-08-28T10:59:55.356Z</time>
			</trkpt>
			<trkpt lat="45.77962" lon="6.41742">
				<ele>1080.79</ele>
				<time>2025-08-28T10:59:57.832Z</time>
			</trkpt>
			<trkpt lat="45.77944" lon="6.41694">
				<ele>1072.07</ele>
				<time>2025-08-28T11:00:02.252Z</time>
			</trkpt>
			<trkpt lat="45.77937" lon="6.41668">
				<ele>1069.33</ele>
				<time>2025-08-28T11:00:04.513Z</time>
			</trkpt>
			<trkpt lat="45.77931" lon="6.41601">
				<ele>1067.72</ele>
				<time>2025-08-28T11:00:09.991Z</time>
			</trkpt>
			<trkpt lat="45.77927" lon="6.41593">
				<ele>1065.26</ele>
				<time>2025-08-28T11:00:10.790Z</time>
			</trkpt>
			<trkpt lat="45.77924" lon="6.41592">
				<ele>1063.67</ele>
				<time>2025-08-28T11:00:11.148Z</time>
			</trkpt>
			<trkpt lat="45.77917" lon="6.41595">
				<ele>1061.33</ele>
				<time>2025-08-28T11:00:11.998Z</time>
			</trkpt>
			<trkpt lat="45.77916" lon="6.416">
				<ele>1061.48</ele>
				<time>2025-08-28T11:00:12.419Z</time>
			</trkpt>
			<trkpt lat="45.77915" lon="6.4165">
				<ele>1063.24</ele>
				<time>2025-08-28T11:00:16.476Z</time>
			</trkpt>
			<trkpt lat="45.77899" lon="6.41737">
				<ele>1065.79</ele>
				<time>2025-08-28T11:00:23.773Z</time>
			</trkpt>
			<trkpt lat="45.77883" lon="6.4177">
				<ele>1064.89</ele>
				<time>2025-08-28T11:00:27.033Z</time>
			</trkpt>
			<trkpt lat="45.77871" lon="6.41787">
				<ele>1060.18</ele>
				<time>2025-08-28T11:00:28.994Z</time>
			</trkpt>
			<trkpt lat="45.77875" lon="6.41848">
				<ele>1052.01</ele>
				<time>2025-08-28T11:00:33.963Z</time>
			</trkpt>
			<trkpt lat="45.77871" lon="6.41863">
				<ele>1049.2</ele>
				<time>2025-08-28T11:00:35.265Z</time>
			</trkpt>
			<trkpt lat="45.77862" lon="6.41868">
				<ele>1047.39</ele>
				<time>2025-08-28T11:00:36.388Z</time>
			</trkpt>
			<trkpt lat="45.77856" lon="6.41861">
				<ele>1047.1</ele>
				<time>2025-08-28T11:00:37.287Z</time>
			</trkpt>
			<trkpt lat="45.77849" lon="6.41838">
				<ele>1048.43</ele>
				<time>2025-08-28T11:00:39.322Z</time>
			</trkpt>
			<trkpt lat="45.77836" lon="6.4181">
				<ele>1047.7</ele>
				<time>2025-08-28T11:00:42.050Z</time>
			</trkpt>
			<trkpt lat="45.7783" lon="6.41782">
				<ele>1045.66</ele>
				<time>2025-08-28T11:00:44.425Z</time>
			</trkpt>
			<trkpt lat="45.77829" lon="6.41757">
				<ele>1042.4</ele>
				<time>2025-08-28T11:00:46.456Z</time>
			</trkpt>
			<trkpt lat="45.77832" lon="6.417">
				<ele>1040.87</ele>
				<time>2025-08-28T11:00:51.091Z</time>
			</trkpt>
			<trkpt lat="45.77797" lon="6.41609">
				<ele>1021.1</ele>
				<time>2025-08-28T11:00:59.518Z</time>
			</trkpt>
			<trkpt lat="45.77789" lon="6.41579">
				<ele>1014.48</ele>
				<time>2025-08-28T11:01:02.122Z</time>
			</trkpt>
			<trkpt lat="45.77778" lon="6.41525">
				<ele>1006.29</ele>
				<time>2025-08-28T11:01:06.683Z</time>
			</trkpt>
			<trkpt lat="45.77769" lon="6.415">
				<ele>1003.93</ele>
				<time>2025-08-28T11:01:08.964Z</time>
			</trkpt>
			<trkpt lat="45.77771" lon="6.41493">
				<ele>1003.52</ele>
				<time>2025-08-28T11:01:09.578Z</time>
			</trkpt>
			<trkpt lat="45.77773" lon="6.41489">
				<ele>1003.54</ele>
				<time>2025-08-28T11:01:09.977Z</time>
			</trkpt>
			<trkpt lat="45.77797" lon="6.41479">
				<ele>1005.55</ele>
				<time>2025-08-28T11:01:12.882Z</time>
			</trkpt>
			<trkpt lat="45.77821" lon="6.41464">
				<ele>1006.59</ele>
				<time>2025-08-28T11:01:15.926Z</time>
			</trkpt>
			<trkpt lat="45.77831" lon="6.41455">
				<ele>1006.82</ele>
				<time>2025-08-28T11:01:17.298Z</time>
			</trkpt>
			<trkpt lat="45.77855" lon="6.41425">
				<ele>1009.98</ele>
				<time>2025-08-28T11:01:20.999Z</time>
			</trkpt>
			<trkpt lat="45.77902" lon="6.41357">
				<ele>1013.56</ele>
				<time>2025-08-28T11:01:28.760Z</time>
			</trkpt>
			<trkpt lat="45.77904" lon="6.41347">
				<ele>1012.81</ele>
				<time>2025-08-28T11:01:29.604Z</time>
			</trkpt>
			<trkpt lat="45.77898" lon="6.41341">
				<ele>1010.94</ele>
				<time>2025-08-28T11:01:30.454Z</time>
			</trkpt>
			<trkpt lat="45.77844" lon="6.41377">
				<ele>1001.47</ele>
				<time>2025-08-28T11:01:37.375Z</time>
			</trkpt>
			<trkpt lat="45.77824" lon="6.41382">
				<ele>995.64</ele>
				<time>2025-08-28T11:01:39.735Z</time>
			</trkpt>
			<trkpt lat="45.77811" lon="6.4139">
				<ele>992.94</ele>
				<time>2025-08-28T11:01:41.379Z</time>
			</trkpt>
			<trkpt lat="45.77808" lon="6.41389">
				<ele>991.95</ele>
				<time>2025-08-28T11:01:41.737Z</time>
			</trkpt>
			<trkpt lat="45.77806" lon="6.41384">
				<ele>990.72</ele>
				<time>2025-08-28T11:01:42.204Z</time>
			</trkpt>
			<trkpt lat="45.77806" lon="6.41376">
				<ele>990.09</ele>
				<time>2025-08-28T11:01:42.853Z</time>
			</trkpt>
			<trkpt lat="45.7781" lon="6.41369">
				<ele>990.36</ele>
				<time>2025-08-28T11:01:43.586Z</time>
			</trkpt>
			<trkpt lat="45.77824" lon="6.41359">
				<ele>993.28</ele>
				<time>2025-08-28T11:01:45.404Z</time>
			</trkpt>
			<trkpt lat="45.77835" lon="6.41342">
				<ele>994.62</ele>
				<time>2025-08-28T11:01:47.284Z</time>
			</trkpt>
			<trkpt lat="45.77853" lon="6.4132">
				<ele>995.88</ele>
				<time>2025-08-28T11:01:50.032Z</time>
			</trkpt>
			<trkpt lat="45.77873" lon="6.41307">
				<ele>998.39</ele>
				<time>2025-08-28T11:01:52.584Z</time>
			</trkpt>
			<trkpt lat="45.77885" lon="6.4127">
				<ele>1000.78</ele>
				<time>2025-08-28T11:01:55.891Z</time>
			</trkpt>
			<trkpt lat="45.77871" lon="6.41281">
				<ele>995.11</ele>
				<time>2025-08-28T11:01:57.746Z</time>
			</trkpt>
			<trkpt lat="45.77813" lon="6.41292">
				<ele>979.96</ele>
				<time>2025-08-28T11:02:04.545Z</time>
			</trkpt>
			<trkpt lat="45.77751" lon="6.41316">
				<ele>965.04</ele>
				<time>2025-08-28T11:02:12.006Z</time>
			</trkpt>
			<trkpt lat="45.77724" lon="6.41316">
				<ele>959.19</ele>
				<time>2025-08-28T11:02:15.143Z</time>
			</trkpt>
			<trkpt lat="45.777" lon="6.41309">
				<ele>955.43</ele>
				<time>2025-08-28T11:02:17.989Z</time>
			</trkpt>
			<trkpt lat="45.77688" lon="6.41308">
				<ele>954.51</ele>
				<time>2025-08-28T11:02:19.385Z</time>
			</trkpt>
			<trkpt lat="45.77677" lon="6.41315">
				<ele>956.11</ele>
				<time>2025-08-28T11:02:20.783Z</time>
			</trkpt>
			<trkpt lat="45.77663" lon="6.41331">
				<ele>959.78</ele>
				<time>2025-08-28T11:02:22.863Z</time>
			</trkpt>
			<trkpt lat="45.77657" lon="6.41332">
				<ele>958.23</ele>
				<time>2025-08-28T11:02:23.565Z</time>
			</trkpt>
			<trkpt lat="45.77654" lon="6.4133">
				<ele>956.69</ele>
				<time>2025-08-28T11:02:23.949Z</time>
			</trkpt>
			<trkpt lat="45.77653" lon="6.41319">
				<ele>953.87</ele>
				<time>2025-08-28T11:02:24.848Z</time>
			</trkpt>
			<trkpt lat="45.77655" lon="6.41314">
				<ele>953.1</ele>
				<time>2025-08-28T11:02:25.315Z</time>
			</trkpt>
			<trkpt lat="45.77676" lon="6.41289">
				<ele>949.18</ele>
				<time>2025-08-28T11:02:28.486Z</time>
			</trkpt>
			<trkpt lat="45.77688" lon="6.4128">
				<ele>947.97</ele>
				<time>2025-08-28T11:02:30.059Z</time>
			</trkpt>
			<trkpt lat="45.77706" lon="6.41276">
				<ele>949.52</ele>
				<time>2025-08-28T11:02:32.175Z</time>
			</trkpt>
			<trkpt lat="45.77716" lon="6.41267">
				<ele>949.3</ele>
				<time>2025-08-28T11:02:33.546Z</time>
			</trkpt>
			<trkpt lat="45.77739" lon="6.41214">
				<ele>947.59</ele>
				<time>2025-08-28T11:02:38.603Z</time>
			</trkpt>
			<trkpt lat="45.77742" lon="6.41204">
				<ele>947.39</ele>
				<time>2025-08-28T11:02:39.485Z</time>
			</trkpt>
			<trkpt lat="45.77737" lon="6.41161">
				<ele>941.99</ele>
				<time>2025-08-28T11:02:43.017Z</time>
			</trkpt>
			<trkpt lat="45.7774" lon="6.41149">
				<ele>942.09</ele>
				<time>2025-08-28T11:02:44.049Z</time>
			</trkpt>
			<trkpt lat="45.77748" lon="6.41134">
				<ele>944.09</ele>
				<time>2025-08-28T11:02:45.579Z</time>
			</trkpt>
			<trkpt lat="45.77751" lon="6.41125">
				<ele>945.04</ele>
				<time>2025-08-28T11:02:46.387Z</time>
			</trkpt>
			<trkpt lat="45.77754" lon="6.41103">
				<ele>945.36</ele>
				<time>2025-08-28T11:02:48.203Z</time>
			</trkpt>
			<trkpt lat="45.77751" lon="6.41029">
				<ele>939.73</ele>
				<time>2025-08-28T11:02:54.206Z</time>
			</trkpt>
			<trkpt lat="45.77756" lon="6.41005">
				<ele>939.79</ele>
				<time>2025-08-28T11:02:56.235Z</time>
			</trkpt>
			<trkpt lat="45.77755" lon="6.41">
				<ele>939.32</ele>
				<time>2025-08-28T11:02:56.656Z</time>
			</trkpt>
			<trkpt lat="45.7775" lon="6.40994">
				<ele>935.98</ele>
				<time>2025-08-28T11:02:57.414Z</time>
			</trkpt>
			<trkpt lat="45.77745" lon="6.40994">
				<ele>933.4</ele>
				<time>2025-08-28T11:02:57.994Z</time>
			</trkpt>
			<trkpt lat="45.77742" lon="6.40996">
				<ele>931.85</ele>
				<time>2025-08-28T11:02:58.378Z</time>
			</trkpt>
			<trkpt lat="45.77739" lon="6.41001">
				<ele>931.33</ele>
				<time>2025-08-28T11:02:58.913Z</time>
			</trkpt>
			<trkpt lat="45.77736" lon="6.4103">
				<ele>932.57</ele>
				<time>2025-08-28T11:03:01.287Z</time>
			</trkpt>
			<trkpt lat="45.77731" lon="6.41054">
				<ele>933.13</ele>
				<time>2025-08-28T11:03:03.315Z</time>
			</trkpt>
			<trkpt lat="45.77725" lon="6.41064">
				<ele>930.66</ele>
				<time>2025-08-28T11:03:04.384Z</time>
			</trkpt>
			<trkpt lat="45.77716" lon="6.41072">
				<ele>926.48</ele>
				<time>2025-08-28T11:03:05.613Z</time>
			</trkpt>
			<trkpt lat="45.77688" lon="6.41078">
				<ele>916.5</ele>
				<time>2025-08-28T11:03:08.900Z</time>
			</trkpt>
			<trkpt lat="45.77666" lon="6.41106">
				<ele>917.21</ele>
				<time>2025-08-28T11:03:12.316Z</time>
			</trkpt>
			<trkpt lat="45.77646" lon="6.41124">
				<ele>914.75</ele>
				<time>2025-08-28T11:03:15.057Z</time>
			</trkpt>
			<trkpt lat="45.77627" lon="6.41159">
				<ele>914.46</ele>
				<time>2025-08-28T11:03:18.649Z</time>
			</trkpt>
			<trkpt lat="45.77624" lon="6.41173">
				<ele>916.21</ele>
				<time>2025-08-28T11:03:19.834Z</time>
			</trkpt>
			<trkpt lat="45.77621" lon="6.41177">
				<ele>916.42</ele>
				<time>2025-08-28T11:03:20.310Z</time>
			</trkpt>
			<trkpt lat="45.77617" lon="6.41179">
				<ele>916.09</ele>
				<time>2025-08-28T11:03:20.802Z</time>
			</trkpt>
			<trkpt lat="45.77611" lon="6.41177">
				<ele>914.34</ele>
				<time>2025-08-28T11:03:21.517Z</time>
			</trkpt>
			<trkpt lat="45.77607" lon="6.41169">
				<ele>911.47</ele>
				<time>2025-08-28T11:03:22.314Z</time>
			</trkpt>
			<trkpt lat="45.77609" lon="6.41148">
				<ele>907.46</ele>
				<time>2025-08-28T11:03:24.030Z</time>
			</trkpt>
			<trkpt lat="45.77618" lon="6.41126">
				<ele>906.88</ele>
				<time>2025-08-28T11:03:26.095Z</time>
			</trkpt>
			<trkpt lat="45.77641" lon="6.41079">
				<ele>907.94</ele>
				<time>2025-08-28T11:03:30.743Z</time>
			</trkpt>
			<trkpt lat="45.77647" lon="6.41025">
				<ele>904.47</ele>
				<time>2025-08-28T11:03:35.170Z</time>
			</trkpt>
			<trkpt lat="45.77658" lon="6.4099">
				<ele>903.6</ele>
				<time>2025-08-28T11:03:38.277Z</time>
			</trkpt>
			<trkpt lat="45.77665" lon="6.4096">
				<ele>901.09</ele>
				<time>2025-08-28T11:03:40.838Z</time>
			</trkpt>
			<trkpt lat="45.77666" lon="6.40925">
				<ele>892.64</ele>
				<time>2025-08-28T11:03:43.673Z</time>
			</trkpt>
			<trkpt lat="45.77667" lon="6.40854">
				<ele>878.65</ele>
				<time>2025-08-28T11:03:49.421Z</time>
			</trkpt>
			<trkpt lat="45.77666" lon="6.4085">
				<ele>878.21</ele>
				<time>2025-08-28T11:03:49.764Z</time>
			</trkpt>
			<trkpt lat="45.77662" lon="6.40845">
				<ele>877.82</ele>
				<time>2025-08-28T11:03:50.380Z</time>
			</trkpt>
			<trkpt lat="45.77659" lon="6.40844">
				<ele>877.71</ele>
				<time>2025-08-28T11:03:50.738Z</time>
			</trkpt>
			<trkpt lat="45.77653" lon="6.40848">
				<ele>878.09</ele>
				<time>2025-08-28T11:03:51.505Z</time>
			</trkpt>
			<trkpt lat="45.77649" lon="6.40858">
				<ele>879.38</ele>
				<time>2025-08-28T11:03:52.438Z</time>
			</trkpt>
			<trkpt lat="45.77643" lon="6.40888">
				<ele>880.67</ele>
				<time>2025-08-28T11:03:54.964Z</time>
			</trkpt>
			<trkpt lat="45.77639" lon="6.40902">
				<ele>881.56</ele>
				<time>2025-08-28T11:03:56.188Z</time>
			</trkpt>
			<trkpt lat="45.7763" lon="6.40916">
				<ele>881.72</ele>
				<time>2025-08-28T11:03:57.729Z</time>
			</trkpt>
			<trkpt lat="45.77622" lon="6.40921">
				<ele>881.78</ele>
				<time>2025-08-28T11:03:58.742Z</time>
			</trkpt>
			<trkpt lat="45.77613" lon="6.40921">
				<ele>880.68</ele>
				<time>2025-08-28T11:03:59.786Z</time>
			</trkpt>
			<trkpt lat="45.7759" lon="6.40911">
				<ele>874.55</ele>
				<time>2025-08-28T11:04:02.574Z</time>
			</trkpt>
			<trkpt lat="45.77585" lon="6.40911">
				<ele>873.6</ele>
				<time>2025-08-28T11:04:03.154Z</time>
			</trkpt>
			<trkpt lat="45.77576" lon="6.40918">
				<ele>873.91</ele>
				<time>2025-08-28T11:04:04.342Z</time>
			</trkpt>
			<trkpt lat="45.77567" lon="6.40945">
				<ele>877.75</ele>
				<time>2025-08-28T11:04:06.763Z</time>
			</trkpt>
			<trkpt lat="45.77552" lon="6.4096">
				<ele>876.24</ele>
				<time>2025-08-28T11:04:08.885Z</time>
			</trkpt>
			<trkpt lat="45.77534" lon="6.4097">
				<ele>871.78</ele>
				<time>2025-08-28T11:04:11.124Z</time>
			</trkpt>
			<trkpt lat="45.77528" lon="6.40977">
				<ele>870.45</ele>
				<time>2025-08-28T11:04:12.021Z</time>
			</trkpt>
			<trkpt lat="45.77521" lon="6.40978">
				<ele>868.75</ele>
				<time>2025-08-28T11:04:12.837Z</time>
			</trkpt>
			<trkpt lat="45.77518" lon="6.40975">
				<ele>867.62</ele>
				<time>2025-08-28T11:04:13.262Z</time>
			</trkpt>
			<trkpt lat="45.77515" lon="6.4097">
				<ele>866.27</ele>
				<time>2025-08-28T11:04:13.795Z</time>
			</trkpt>
			<trkpt lat="45.77515" lon="6.40964">
				<ele>866.09</ele>
				<time>2025-08-28T11:04:14.281Z</time>
			</trkpt>
			<trkpt lat="45.77564" lon="6.40877">
				<ele>865.72</ele>
				<time>2025-08-28T11:04:23.327Z</time>
			</trkpt>
			<trkpt lat="45.77571" lon="6.40854">
				<ele>860.46</ele>
				<time>2025-08-28T11:04:25.356Z</time>
			</trkpt>
			<trkpt lat="45.77576" lon="6.40835">
				<ele>853.55</ele>
				<time>2025-08-28T11:04:26.999Z</time>
			</trkpt>
			<trkpt lat="45.77573" lon="6.40753">
				<ele>847.46</ele>
				<time>2025-08-28T11:04:33.640Z</time>
			</trkpt>
			<trkpt lat="45.7757" lon="6.40748">
				<ele>846.28</ele>
				<time>2025-08-28T11:04:34.174Z</time>
			</trkpt>
			<trkpt lat="45.77565" lon="6.4075">
				<ele>846.13</ele>
				<time>2025-08-28T11:04:34.775Z</time>
			</trkpt>
			<trkpt lat="45.77563" lon="6.40754">
				<ele>846.18</ele>
				<time>2025-08-28T11:04:35.173Z</time>
			</trkpt>
			<trkpt lat="45.77559" lon="6.40782">
				<ele>847.09</ele>
				<time>2025-08-28T11:04:37.485Z</time>
			</trkpt>
			<trkpt lat="45.77555" lon="6.40793">
				<ele>846.46</ele>
				<time>2025-08-28T11:04:38.488Z</time>
			</trkpt>
			<trkpt lat="45.77542" lon="6.40802">
				<ele>844.94</ele>
				<time>2025-08-28T11:04:40.162Z</time>
			</trkpt>
			<trkpt lat="45.77515" lon="6.40814">
				<ele>841.52</ele>
				<time>2025-08-28T11:04:43.439Z</time>
			</trkpt>
			<trkpt lat="45.77509" lon="6.40819">
				<ele>841.07</ele>
				<time>2025-08-28T11:04:44.244Z</time>
			</trkpt>
			<trkpt lat="45.7749" lon="6.40851">
				<ele>841.25</ele>
				<time>2025-08-28T11:04:47.641Z</time>
			</trkpt>
			<trkpt lat="45.77485" lon="6.40856">
				<ele>840.47</ele>
				<time>2025-08-28T11:04:48.348Z</time>
			</trkpt>
			<trkpt lat="45.77478" lon="6.4086">
				<ele>838.94</ele>
				<time>2025-08-28T11:04:49.222Z</time>
			</trkpt>
			<trkpt lat="45.77452" lon="6.40866">
				<ele>834.13</ele>
				<time>2025-08-28T11:04:52.274Z</time>
			</trkpt>
			<trkpt lat="45.77444" lon="6.40864">
				<ele>832.42</ele>
				<time>2025-08-28T11:04:53.216Z</time>
			</trkpt>
			<trkpt lat="45.77441" lon="6.40858">
				<ele>831.07</ele>
				<time>2025-08-28T11:04:53.812Z</time>
			</trkpt>
			<trkpt lat="45.77442" lon="6.40849">
				<ele>830.41</ele>
				<time>2025-08-28T11:04:54.549Z</time>
			</trkpt>
			<trkpt lat="45.77449" lon="6.4083">
				<ele>829.49</ele>
				<time>2025-08-28T11:04:56.286Z</time>
			</trkpt>
			<trkpt lat="45.7745" lon="6.40819">
				<ele>828.38</ele>
				<time>2025-08-28T11:04:57.183Z</time>
			</trkpt>
			<trkpt lat="45.77438" lon="6.40783">
				<ele>823.2</ele>
				<time>2025-08-28T11:05:00.409Z</time>
			</trkpt>
			<trkpt lat="45.77441" lon="6.40766">
				<ele>821.48</ele>
				<time>2025-08-28T11:05:01.826Z</time>
			</trkpt>
			<trkpt lat="45.77473" lon="6.40728">
				<ele>822.37</ele>
				<time>2025-08-28T11:05:06.641Z</time>
			</trkpt>
			<trkpt lat="45.77497" lon="6.40691">
				<ele>819.09</ele>
				<time>2025-08-28T11:05:10.725Z</time>
			</trkpt>
			<trkpt lat="45.77499" lon="6.40681">
				<ele>815.8</ele>
				<time>2025-08-28T11:05:11.566Z</time>
			</trkpt>
			<trkpt lat="45.77497" lon="6.40676">
				<ele>813.24</ele>
				<time>2025-08-28T11:05:12.032Z</time>
			</trkpt>
			<trkpt lat="45.77492" lon="6.40672">
				<ele>810.72</ele>
				<time>2025-08-28T11:05:12.695Z</time>
			</trkpt>
			<trkpt lat="45.77486" lon="6.40674">
				<ele>810.31</ele>
				<time>2025-08-28T11:05:13.409Z</time>
			</trkpt>
			<trkpt lat="45.77477" lon="6.40687">
				<ele>812.85</ele>
				<time>2025-08-28T11:05:14.889Z</time>
			</trkpt>
			<trkpt lat="45.77437" lon="6.40723">
				<ele>814.1</ele>
				<time>2025-08-28T11:05:20.361Z</time>
			</trkpt>
			<trkpt lat="45.77395" lon="6.40739">
				<ele>809.39</ele>
				<time>2025-08-28T11:05:25.395Z</time>
			</trkpt>
			<trkpt lat="45.77379" lon="6.40763">
				<ele>810.45</ele>
				<time>2025-08-28T11:05:28.077Z</time>
			</trkpt>
			<trkpt lat="45.77351" lon="6.4079">
				<ele>804.66</ele>
				<time>2025-08-28T11:05:31.986Z</time>
			</trkpt>
			<trkpt lat="45.77347" lon="6.408">
				<ele>803.41</ele>
				<time>2025-08-28T11:05:32.917Z</time>
			</trkpt>
			<trkpt lat="45.77343" lon="6.40834">
				<ele>800.46</ele>
				<time>2025-08-28T11:05:35.702Z</time>
			</trkpt>
			<trkpt lat="45.77338" lon="6.40858">
				<ele>796.23</ele>
				<time>2025-08-28T11:05:37.726Z</time>
			</trkpt>
			<trkpt lat="45.77332" lon="6.40874">
				<ele>793.63</ele>
				<time>2025-08-28T11:05:39.193Z</time>
			</trkpt>
			<trkpt lat="45.77312" lon="6.40941">
				<ele>790.65</ele>
				<time>2025-08-28T11:05:45.079Z</time>
			</trkpt>
			<trkpt lat="45.77313" lon="6.40952">
				<ele>791.16</ele>
				<time>2025-08-28T11:05:45.975Z</time>
			</trkpt>
			<trkpt lat="45.77323" lon="6.40991">
				<ele>793.78</ele>
				<time>2025-08-28T11:05:49.331Z</time>
			</trkpt>
			<trkpt lat="45.77323" lon="6.41">
				<ele>793.46</ele>
				<time>2025-08-28T11:05:50.058Z</time>
			</trkpt>
			<trkpt lat="45.77319" lon="6.41019">
				<ele>790.59</ele>
				<time>2025-08-28T11:05:51.660Z</time>
			</trkpt>
			<trkpt lat="45.77322" lon="6.41044">
				<ele>789.56</ele>
				<time>2025-08-28T11:05:53.709Z</time>
			</trkpt>
			<trkpt lat="45.77321" lon="6.4106">
				<ele>787.94</ele>
				<time>2025-08-28T11:05:55.006Z</time>
			</trkpt>
			<trkpt lat="45.77316" lon="6.41076">
				<ele>784.92</ele>
				<time>2025-08-28T11:05:56.422Z</time>
			</trkpt>
			<trkpt lat="45.77304" lon="6.41096">
				<ele>780.29</ele>
				<time>2025-08-28T11:05:58.552Z</time>
			</trkpt>
			<trkpt lat="45.77298" lon="6.411">
				<ele>778.61</ele>
				<time>2025-08-28T11:05:59.318Z</time>
			</trkpt>
			<trkpt lat="45.77291" lon="6.41102">
				<ele>776.53</ele>
				<time>2025-08-28T11:06:00.144Z</time>
			</trkpt>
			<trkpt lat="45.77282" lon="6.41099">
				<ele>773.64</ele>
				<time>2025-08-28T11:06:01.213Z</time>
			</trkpt>
			<trkpt lat="45.77262" lon="6.41081">
				<ele>767.52</ele>
				<time>2025-08-28T11:06:03.947Z</time>
			</trkpt>
			<trkpt lat="45.77256" lon="6.41077">
				<ele>765.73</ele>
				<time>2025-08-28T11:06:04.712Z</time>
			</trkpt>
			<trkpt lat="45.77249" lon="6.41077">
				<ele>764.08</ele>
				<time>2025-08-28T11:06:05.523Z</time>
			</trkpt>
			<trkpt lat="45.7721" lon="6.41103">
				<ele>759.84</ele>
				<time>2025-08-28T11:06:10.500Z</time>
			</trkpt>
			<trkpt lat="45.77188" lon="6.41123">
				<ele>756.24</ele>
				<time>2025-08-28T11:06:13.515Z</time>
			</trkpt>
			<trkpt lat="45.77163" lon="6.41164">
				<ele>751.74</ele>
				<time>2025-08-28T11:06:17.910Z</time>
			</trkpt>
			<trkpt lat="45.77153" lon="6.41191">
				<ele>750.7</ele>
				<time>2025-08-28T11:06:20.377Z</time>
			</trkpt>
			<trkpt lat="45.77144" lon="6.41223">
				<ele>752.3</ele>
				<time>2025-08-28T11:06:23.162Z</time>
			</trkpt>
			<trkpt lat="45.77141" lon="6.41256">
				<ele>754.42</ele>
				<time>2025-08-28T11:06:25.847Z</time>
			</trkpt>
			<trkpt lat="45.77137" lon="6.41262">
				<ele>753.48</ele>
				<time>2025-08-28T11:06:26.517Z</time>
			</trkpt>
			<trkpt lat="45.77132" lon="6.41261">
				<ele>752.38</ele>
				<time>2025-08-28T11:06:27.101Z</time>
			</trkpt>
			<trkpt lat="45.77129" lon="6.41257">
				<ele>751.18</ele>
				<time>2025-08-28T11:06:27.575Z</time>
			</trkpt>
			<trkpt lat="45.77128" lon="6.41248">
				<ele>749.94</ele>
				<time>2025-08-28T11:06:28.310Z</time>
			</trkpt>
			<trkpt lat="45.77132" lon="6.412">
				<ele>744.18</ele>
				<time>2025-08-28T11:06:32.210Z</time>
			</trkpt>
			<trkpt lat="45.77132" lon="6.41181">
				<ele>742.63</ele>
				<time>2025-08-28T11:06:33.743Z</time>
			</trkpt>
			<trkpt lat="45.77127" lon="6.41123">
				<ele>741.1</ele>
				<time>2025-08-28T11:06:38.458Z</time>
			</trkpt>
			<trkpt lat="45.77126" lon="6.41068">
				<ele>735.08</ele>
				<time>2025-08-28T11:06:42.896Z</time>
			</trkpt>
			<trkpt lat="45.77121" lon="6.41037">
				<ele>729.38</ele>
				<time>2025-08-28T11:06:45.462Z</time>
			</trkpt>
			<trkpt lat="45.77119" lon="6.40975">
				<ele>727.67</ele>
				<time>2025-08-28T11:06:50.468Z</time>
			</trkpt>
			<trkpt lat="45.77117" lon="6.40966">
				<ele>727.74</ele>
				<time>2025-08-28T11:06:51.230Z</time>
			</trkpt>
			<trkpt lat="45.77112" lon="6.40958">
				<ele>727.39</ele>
				<time>2025-08-28T11:06:52.096Z</time>
			</trkpt>
			<trkpt lat="45.77102" lon="6.40945">
				<ele>725.63</ele>
				<time>2025-08-28T11:06:53.656Z</time>
			</trkpt>
			<trkpt lat="45.77091" lon="6.40923">
				<ele>723.63</ele>
				<time>2025-08-28T11:06:55.839Z</time>
			</trkpt>
			<trkpt lat="45.77091" lon="6.40915">
				<ele>723.71</ele>
				<time>2025-08-28T11:06:56.484Z</time>
			</trkpt>
			<trkpt lat="45.77094" lon="6.40891">
				<ele>723.73</ele>
				<time>2025-08-28T11:06:58.450Z</time>
			</trkpt>
			<trkpt lat="45.77094" lon="6.40875">
				<ele>722.86</ele>
				<time>2025-08-28T11:06:59.740Z</time>
			</trkpt>
			<trkpt lat="45.77089" lon="6.40851">
				<ele>721.26</ele>
				<time>2025-08-28T11:07:01.760Z</time>
			</trkpt>
			<trkpt lat="45.77063" lon="6.40766">
				<ele>715.09</ele>
				<time>2025-08-28T11:07:09.242Z</time>
			</trkpt>
			<trkpt lat="45.7702" lon="6.40619">
				<ele>704.86</ele>
				<time>2025-08-28T11:07:22.089Z</time>
			</trkpt>
			<trkpt lat="45.77031" lon="6.40551">
				<ele>700.01</ele>
				<time>2025-08-28T11:07:27.713Z</time>
			</trkpt>
			<trkpt lat="45.77029" lon="6.40541">
				<ele>698.6</ele>
				<time>2025-08-28T11:07:28.551Z</time>
			</trkpt>
			<trkpt lat="45.77023" lon="6.40539">
				<ele>697.09</ele>
				<time>2025-08-28T11:07:29.263Z</time>
			</trkpt>
			<trkpt lat="45.77009" lon="6.4055">
				<ele>695.34</ele>
				<time>2025-08-28T11:07:31.106Z</time>
			</trkpt>
			<trkpt lat="45.76946" lon="6.40633">
				<ele>689.24</ele>
				<time>2025-08-28T11:07:40.987Z</time>
			</trkpt>
			<trkpt lat="45.76936" lon="6.40648">
				<ele>687.2</ele>
				<time>2025-08-28T11:07:42.658Z</time>
			</trkpt>
			<trkpt lat="45.76926" lon="6.4067">
				<ele>685.86</ele>
				<time>2025-08-28T11:07:44.773Z</time>
			</trkpt>
			<trkpt lat="45.76916" lon="6.40667">
				<ele>684.1</ele>
				<time>2025-08-28T11:07:45.952Z</time>
			</trkpt>
			<trkpt lat="45.76911" lon="6.40652">
				<ele>681.87</ele>
				<time>2025-08-28T11:07:47.291Z</time>
			</trkpt>
			<trkpt lat="45.76909" lon="6.40623">
				<ele>679.46</ele>
				<time>2025-08-28T11:07:49.638Z</time>
			</trkpt>
			<trkpt lat="45.76918" lon="6.40592">
				<ele>679</ele>
				<time>2025-08-28T11:07:52.341Z</time>
			</trkpt>
			<trkpt lat="45.77009" lon="6.4037">
				<ele>663.48</ele>
				<time>2025-08-28T11:08:12.963Z</time>
			</trkpt>
			<trkpt lat="45.77026" lon="6.40281">
				<ele>661.01</ele>
				<time>2025-08-28T11:08:20.299Z</time>
			</trkpt>
			<trkpt lat="45.77023" lon="6.40265">
				<ele>660.35</ele>
				<time>2025-08-28T11:08:21.614Z</time>
			</trkpt>
			<trkpt lat="45.77007" lon="6.40226">
				<ele>655.24</ele>
				<time>2025-08-28T11:08:25.202Z</time>
			</trkpt>
			<trkpt lat="45.77008" lon="6.40206">
				<ele>652.36</ele>
				<time>2025-08-28T11:08:26.791Z</time>
			</trkpt>
			<trkpt lat="45.77025" lon="6.40162">
				<ele>648.14</ele>
				<time>2025-08-28T11:08:30.775Z</time>
			</trkpt>
			<trkpt lat="45.77058" lon="6.40125">
				<ele>650.69</ele>
				<time>2025-08-28T11:08:35.529Z</time>
			</trkpt>
			<trkpt lat="45.77061" lon="6.40117">
				<ele>650.49</ele>
				<time>2025-08-28T11:08:36.248Z</time>
			</trkpt>
			<trkpt lat="45.77061" lon="6.40107">
				<ele>649.87</ele>
				<time>2025-08-28T11:08:37.039Z</time>
			</trkpt>
			<trkpt lat="45.77059" lon="6.40098">
				<ele>648.79</ele>
				<time>2025-08-28T11:08:37.786Z</time>
			</trkpt>
			<trkpt lat="45.77055" lon="6.40092">
				<ele>647.65</ele>
				<time>2025-08-28T11:08:38.443Z</time>
			</trkpt>
			<trkpt lat="45.77047" lon="6.40089">
				<ele>646.62</ele>
				<time>2025-08-28T11:08:39.381Z</time>
			</trkpt>
			<trkpt lat="45.77028" lon="6.40096">
				<ele>645.03</ele>
				<time>2025-08-28T11:08:41.605Z</time>
			</trkpt>
			<trkpt lat="45.77" lon="6.40117">
				<ele>639.59</ele>
				<time>2025-08-28T11:08:45.189Z</time>
			</trkpt>
			<trkpt lat="45.76977" lon="6.40139">
				<ele>635.38</ele>
				<time>2025-08-28T11:08:48.326Z</time>
			</trkpt>
			<trkpt lat="45.76955" lon="6.40153">
				<ele>633.82</ele>
				<time>2025-08-28T11:08:51.057Z</time>
			</trkpt>
			<trkpt lat="45.7694" lon="6.40155">
				<ele>632.73</ele>
				<time>2025-08-28T11:08:52.768Z</time>
			</trkpt>
			<trkpt lat="45.76921" lon="6.40151">
				<ele>629.78</ele>
				<time>2025-08-28T11:08:54.949Z</time>
			</trkpt>
			<trkpt lat="45.76898" lon="6.40151">
				<ele>626.25</ele>
				<time>2025-08-28T11:08:57.562Z</time>
			</trkpt>
			<trkpt lat="45.76871" lon="6.40162">
				<ele>623.43</ele>
				<time>2025-08-28T11:09:00.754Z</time>
			</trkpt>
			<trkpt lat="45.76828" lon="6.40217">
				<ele>622.41</ele>
				<time>2025-08-28T11:09:07.319Z</time>
			</trkpt>
			<trkpt lat="45.76796" lon="6.40236">
				<ele>617</ele>
				<time>2025-08-28T11:09:11.273Z</time>
			</trkpt>
			<trkpt lat="45.76728" lon="6.40306">
				<ele>609.25</ele>
				<time>2025-08-28T11:09:20.865Z</time>
			</trkpt>
			<trkpt lat="45.76664" lon="6.40425">
				<ele>601.24</ele>
				<time>2025-08-28T11:09:32.962Z</time>
			</trkpt>
			<trkpt lat="45.76635" lon="6.40487">
				<ele>600.77</ele>
				<time>2025-08-28T11:09:39.015Z</time>
			</trkpt>
			<trkpt lat="45.76599" lon="6.40564">
				<ele>596.08</ele>
				<time>2025-08-28T11:09:46.578Z</time>
			</trkpt>
			<trkpt lat="45.7658" lon="6.40616">
				<ele>592.85</ele>
				<time>2025-08-28T11:09:51.398Z</time>
			</trkpt>
			<trkpt lat="45.76553" lon="6.40652">
				<ele>590.25</ele>
				<time>2025-08-28T11:09:55.759Z</time>
			</trkpt>
			<trkpt lat="45.76545" lon="6.40668">
				<ele>590.65</ele>
				<time>2025-08-28T11:09:57.389Z</time>
			</trkpt>
			<trkpt lat="45.76542" lon="6.40686">
				<ele>591.28</ele>
				<time>2025-08-28T11:09:58.924Z</time>
			</trkpt>
			<trkpt lat="45.76542" lon="6.40705">
				<ele>591.11</ele>
				<time>2025-08-28T11:10:00.503Z</time>
			</trkpt>
			<trkpt lat="45.76544" lon="6.4075">
				<ele>589.57</ele>
				<time>2025-08-28T11:10:04.261Z</time>
			</trkpt>
			<trkpt lat="45.76529" lon="6.40826">
				<ele>585.45</ele>
				<time>2025-08-28T11:10:10.852Z</time>
			</trkpt>
			<trkpt lat="45.7653" lon="6.40951">
				<ele>582.22</ele>
				<time>2025-08-28T11:10:21.113Z</time>
			</trkpt>
			<trkpt lat="45.7655" lon="6.40997">
				<ele>583.33</ele>
				<time>2025-08-28T11:10:25.501Z</time>
			</trkpt>
			<trkpt lat="45.76603" lon="6.41102">
				<ele>582.58</ele>
				<time>2025-08-28T11:10:35.863Z</time>
			</trkpt>
			<trkpt lat="45.76652" lon="6.41182">
				<ele>584.87</ele>
				<time>2025-08-28T11:10:44.265Z</time>
			</trkpt>
			<trkpt lat="45.76673" lon="6.41238">
				<ele>581.7</ele>
				<time>2025-08-28T11:10:49.245Z</time>
			</trkpt>
			<trkpt lat="45.76681" lon="6.41314">
				<ele>569.37</ele>
				<time>2025-08-28T11:10:55.237Z</time>
			</trkpt>
			<trkpt lat="45.76641" lon="6.4147">
				<ele>563.93</ele>
				<time>2025-08-28T11:11:08.128Z</time>
			</trkpt>
			<trkpt lat="45.76627" lon="6.41484">
				<ele>566.86</ele>
				<time>2025-08-28T11:11:10.022Z</time>
			</trkpt>
			<trkpt lat="45.76606" lon="6.41501">
				<ele>572.9</ele>
				<time>2025-08-28T11:11:12.699Z</time>
			</trkpt>
			<trkpt lat="45.766" lon="6.41501">
				<ele>573.88</ele>
				<time>2025-08-28T11:11:13.364Z</time>
			</trkpt>
			<trkpt lat="45.7658" lon="6.41465">
				<ele>568.34</ele>
				<time>2025-08-28T11:11:16.929Z</time>
			</trkpt>
			<trkpt lat="45.76569" lon="6.41458">
				<ele>566.29</ele>
				<time>2025-08-28T11:11:18.266Z</time>
			</trkpt>
			<trkpt lat="45.76513" lon="6.41438">
				<ele>561.9</ele>
				<time>2025-08-28T11:11:24.687Z</time>
			</trkpt>
			<trkpt lat="45.76392" lon="6.41356">
				<ele>554.64</ele>
				<time>2025-08-28T11:11:39.691Z</time>
			</trkpt>
			<trkpt lat="45.76382" lon="6.41355">
				<ele>553.02</ele>
				<time>2025-08-28T11:11:40.823Z</time>
			</trkpt>
			<trkpt lat="45.76373" lon="6.41363">
				<ele>552.97</ele>
				<time>2025-08-28T11:11:42.022Z</time>
			</trkpt>
			<trkpt lat="45.7636" lon="6.41383">
				<ele>553.01</ele>
				<time>2025-08-28T11:11:44.185Z</time>
			</trkpt>
			<trkpt lat="45.76331" lon="6.41443">
				<ele>551.6</ele>
				<time>2025-08-28T11:11:49.992Z</time>
			</trkpt>
			<trkpt lat="45.76294" lon="6.41498">
				<ele>553.41</ele>
				<time>2025-08-28T11:11:56.127Z</time>
			</trkpt>
			<trkpt lat="45.76231" lon="6.41574">
				<ele>541.01</ele>
				<time>2025-08-28T11:12:05.738Z</time>
			</trkpt>
			<trkpt lat="45.76224" lon="6.41603">
				<ele>540.96</ele>
				<time>2025-08-28T11:12:08.267Z</time>
			</trkpt>
			<trkpt lat="45.76199" lon="6.4165">
				<ele>539.98</ele>
				<time>2025-08-28T11:12:13.175Z</time>
			</trkpt>
			<trkpt lat="45.76226" lon="6.41735">
				<ele>548.82</ele>
				<time>2025-08-28T11:12:21.043Z</time>
			</trkpt>
			<trkpt lat="45.76227" lon="6.41746">
				<ele>549.4</ele>
				<time>2025-08-28T11:12:21.987Z</time>
			</trkpt>
			<trkpt lat="45.76224" lon="6.41761">
				<ele>550.58</ele>
				<time>2025-08-28T11:12:23.319Z</time>
			</trkpt>
			<trkpt lat="45.76218" lon="6.41769">
				<ele>550.88</ele>
				<time>2025-08-28T11:12:24.325Z</time>
			</trkpt>
			<trkpt lat="45.76211" lon="6.4177">
				<ele>550.24</ele>
				<time>2025-08-28T11:12:25.190Z</time>
			</trkpt>
			<trkpt lat="45.76202" lon="6.41766">
				<ele>548.21</ele>
				<time>2025-08-28T11:12:26.351Z</time>
			</trkpt>
			<trkpt lat="45.76178" lon="6.41745">
				<ele>540.14</ele>
				<time>2025-08-28T11:12:29.838Z</time>
			</trkpt>
			<trkpt lat="45.76154" lon="6.41737">
				<ele>535.16</ele>
				<time>2025-08-28T11:12:32.918Z</time>
			</trkpt>
			<trkpt lat="45.76134" lon="6.41734">
				<ele>533.85</ele>
				<time>2025-08-28T11:12:35.451Z</time>
			</trkpt>
			<trkpt lat="45.76099" lon="6.4171">
				<ele>528.44</ele>
				<time>2025-08-28T11:12:40.386Z</time>
			</trkpt>
			<trkpt lat="45.76094" lon="6.41705">
				<ele>527.48</ele>
				<time>2025-08-28T11:12:41.168Z</time>
			</trkpt>
			<trkpt lat="45.76088" lon="6.41672">
				<ele>523.39</ele>
				<time>2025-08-28T11:12:44.233Z</time>
			</trkpt>
			<trkpt lat="45.76081" lon="6.41656">
				<ele>522.33</ele>
				<time>2025-08-28T11:12:45.942Z</time>
			</trkpt>
			<trkpt lat="45.76066" lon="6.41636">
				<ele>521.51</ele>
				<time>2025-08-28T11:12:48.615Z</time>
			</trkpt>
			<trkpt lat="45.76049" lon="6.41623">
				<ele>521.22</ele>
				<time>2025-08-28T11:12:51.148Z</time>
			</trkpt>
			<trkpt lat="45.76033" lon="6.41635">
				<ele>521.09</ele>
				<time>2025-08-28T11:12:53.538Z</time>
			</trkpt>
			<trkpt lat="45.76" lon="6.41676">
				<ele>521.37</ele>
				<time>2025-08-28T11:12:59.387Z</time>
			</trkpt>
			<trkpt lat="45.75967" lon="6.4174">
				<ele>516.99</ele>
				<time>2025-08-28T11:13:06.968Z</time>
			</trkpt>
			<trkpt lat="45.75956" lon="6.41769">
				<ele>516.2</ele>
				<time>2025-08-28T11:13:10.162Z</time>
			</trkpt>
			<trkpt lat="45.75952" lon="6.41839">
				<ele>516.83</ele>
				<time>2025-08-28T11:13:17.061Z</time>
			</trkpt>
			<trkpt lat="45.75944" lon="6.41921">
				<ele>514.02</ele>
				<time>2025-08-28T11:13:25.379Z</time>
			</trkpt>
			<trkpt lat="45.75939" lon="6.41942">
				<ele>513.76</ele>
				<time>2025-08-28T11:13:27.644Z</time>
			</trkpt>
			<trkpt lat="45.75926" lon="6.4196">
				<ele>514.3</ele>
				<time>2025-08-28T11:13:30.307Z</time>
			</trkpt>
			<trkpt lat="45.7592" lon="6.41968">
				<ele>514.75</ele>
				<time>2025-08-28T11:13:31.522Z</time>
			</trkpt>
			<trkpt lat="45.75913" lon="6.41972">
				<ele>514.87</ele>
				<time>2025-08-28T11:13:32.643Z</time>
			</trkpt>
			<trkpt lat="45.75906" lon="6.4197">
				<ele>514.45</ele>
				<time>2025-08-28T11:13:33.708Z</time>
			</trkpt>
			<trkpt lat="45.75889" lon="6.41956">
				<ele>512.35</ele>
				<time>2025-08-28T11:13:36.651Z</time>
			</trkpt>
			<trkpt lat="45.75875" lon="6.41956">
				<ele>511.12</ele>
				<time>2025-08-28T11:13:38.769Z</time>
			</trkpt>
			<trkpt lat="45.7585" lon="6.41967">
				<ele>509.21</ele>
				<time>2025-08-28T11:13:42.760Z</time>
			</trkpt>
			<trkpt lat="45.7584" lon="6.41978">
				<ele>508.3</ele>
				<time>2025-08-28T11:13:44.701Z</time>
			</trkpt>
			<trkpt lat="45.75828" lon="6.41977">
				<ele>507.19</ele>
				<time>2025-08-28T11:13:46.563Z</time>
			</trkpt>
			<trkpt lat="45.75823" lon="6.4198">
				<ele>507.29</ele>
				<time>2025-08-28T11:13:47.405Z</time>
			</trkpt>
			<trkpt lat="45.75806" lon="6.42">
				<ele>508</ele>
				<time>2025-08-28T11:13:50.847Z</time>
			</trkpt>
			<trkpt lat="45.75802" lon="6.42007">
				<ele>508.17</ele>
				<time>2025-08-28T11:13:51.841Z</time>
			</trkpt>
			<trkpt lat="45.75779" lon="6.42027">
				<ele>508.98</ele>
				<time>2025-08-28T11:13:56.111Z</time>
			</trkpt>
			<trkpt lat="45.75671" lon="6.42078">
				<ele>500.28</ele>
				<time>2025-08-28T11:14:14.770Z</time>
			</trkpt>
			<trkpt lat="45.75568" lon="6.42157">
				<ele>498.87</ele>
				<time>2025-08-28T11:14:33.429Z</time>
			</trkpt>
			<trkpt lat="45.75549" lon="6.42166">
				<ele>498.2</ele>
				<time>2025-08-28T11:14:36.023Z</time>
			</trkpt>
			<trkpt lat="45.75524" lon="6.42174">
				<ele>495.73</ele>
				<time>2025-08-28T11:14:39.161Z</time>
			</trkpt>
			<trkpt lat="45.75488" lon="6.42177">
				<ele>489.99</ele>
				<time>2025-08-28T11:14:43.380Z</time>
			</trkpt>
			<trkpt lat="45.75322" lon="6.4218">
				<ele>482.72</ele>
				<time>2025-08-28T11:15:06.253Z</time>
			</trkpt>
			<trkpt lat="45.75307" lon="6.42178">
				<ele>482.83</ele>
				<time>2025-08-28T11:15:09.108Z</time>
			</trkpt>
			<trkpt lat="45.75304" lon="6.42175">
				<ele>482.54</ele>
				<time>2025-08-28T11:15:09.831Z</time>
			</trkpt>
			<trkpt lat="45.753" lon="6.42184">
				<ele>482.73</ele>
				<time>2025-08-28T11:15:11.341Z</time>
			</trkpt>
		</trkseg>
	</trk>
</gpx>